URN,LA,ESTAB,LAESTAB,SCHNAME,OTHERSCHNAME,STREET,LOCALITY,ADDRESS3,TOWN,POSTCODE,TELNUM,ICLOSE,OPENDATE,CLOSEDATE,ISNEW,MINORGROUP,NFTYPE,OTHERNFTYPE,ISPRIMARY,ISSECONDARY,ISPOST16,AGEL,AGEH,GENDER,SIXFGENDER,RELDENOM,ADMPOL,OTHERURN,NEWACFLAG,RE-BROKERED
112456,815,6041,8156041,Cedar House School,,Low Bentham,,,Via Lancaster,LA2 7DD,01524261149,1,,,0,Special School,Other independent special school,,1,1,1,7,18,Mixed,Mixed,None,Not recorded,,6,0
121293,815,2040,8152040,Leeming and Londonderry Community Primary School,,Roman Road,Leeming,,Northallerton,DL7 9SG,01677422160,1,,,0,Maintained School,Community school,,1,0,0,4,11,Mixed,Mixed,Does not apply,Not recorded,,6,0
121296,815,2043,8152043,Goathland Primary School,,Beckhole Road,Goathland,,Whitby,YO22 5ND,01947896230,1,,,0,Maintained School,Community school,,1,0,0,4,11,Mixed,Mixed,Does not apply,Not recorded,,6,0
121300,815,2060,8152060,Oakridge Community Primary School,,Coronation Avenue,Hinderwell,,Saltburn-by-the-Sea,TS13 5HA,01947840255,1,,,0,Maintained School,Community school,,1,0,0,3,11,Mixed,Mixed,Does not apply,Not recorded,,6,0
121301,815,2061,8152061,"Staithes, Seton Community Primary School",,Seaton Close,Staithes,,Saltburn-by-the-Sea,TS13 5AU,01947840257,1,,,0,Maintained School,Community school,,1,0,0,3,11,Mixed,Mixed,Does not apply,Not recorded,,6,0
121302,815,2063,8152063,Hunton and Arrathorne Community Primary School,,Hunton,,Hunton & Arrathorne Cp School,Bedale,DL8 1QB,01677450342,1,,,0,Maintained School,Community school,,1,0,0,4,11,Mixed,Mixed,Does not apply,Not recorded,,6,0
121303,815,2064,8152064,Kirkbymoorside Community Primary School,,Westfields,Kirkbymoorside,,York,YO62 6AG,01751431517,1,,,0,Maintained School,Community school,,1,0,0,3,11,Mixed,Mixed,Does not apply,Not recorded,,6,0
121305,815,2074,8152074,Malton Community Primary School,,Highfield Road,,Malton Cp School,Malton,YO17 7DB,01653692582,1,,,0,Maintained School,Community school,,1,0,0,2,11,Mixed,Mixed,Does not apply,Not recorded,,6,0
121306,815,2075,8152075,Nawton Community Primary School,,School Lane,Nawton,,York,YO62 7SF,01439771245,1,,,0,Maintained School,Community school,,1,0,0,3,11,Mixed,Mixed,Does not apply,Not recorded,,6,0
121308,815,2080,8152080,Applegarth Primary School,,Upwell Road,,,Northallerton,DL7 8QF,01609773521,1,,,0,Maintained School,Community school,,1,0,0,4,11,Mixed,Mixed,Does not apply,Not recorded,,6,0
121309,815,2081,8152081,North and South Cowton Community Primary School,,Main Road,"Main Road, North Cowton",,,DL7 0HF,01325378240,1,,,0,Maintained School,Community school,,1,0,0,4,11,Mixed,Mixed,Does not apply,Not recorded,,6,0
121310,815,2083,8152083,Osmotherley Primary School,,School Lane,Osmotherley,,Northallerton,DL6 3BW,01609883329,1,,,0,Maintained School,Community school,,1,0,0,4,11,Mixed,Mixed,Does not apply,Not recorded,,6,0
121311,815,2096,8152096,Reeth Community Primary School,,Healaugh Road,Reeth,,Richmond,DL11 6SP,01748884308,1,,,0,Maintained School,Community school,,1,0,0,3,11,Mixed,Mixed,Does not apply,Not recorded,,6,0
121312,815,2097,8152097,Romanby Primary School,,The Close,Romanby,,Northallerton,DL7 8BL,01609781178,1,,,0,Maintained School,Community school,,1,0,0,4,11,Mixed,Mixed,Does not apply,Not recorded,,6,0
121313,815,2098,8152098,Rosedale Abbey Community Primary School,,Rosedale Abbey,,,Pickering,YO18 8SA,01751417278,1,,,0,Maintained School,Community school,,1,0,0,3,11,Mixed,Mixed,Does not apply,Not recorded,,6,0
121314,815,2108,8152108,Barrowcliff School,,Ash Grove,,,Scarborough,YO12 6NQ,01723351767,1,,,0,Maintained School,Community school,,1,0,0,3,11,Mixed,Mixed,Does not apply,Not recorded,,6,0
121316,815,2112,8152112,"Scarborough, Braeburn Primary and Nursery School",Braeburn Primary and Nursery Academy,Braeburn,Eastfield,,Scarborough,YO11 3LG,01723582616,2,,20180930,0,Maintained School,Community school,Academy sponsor led mainstream,1,0,0,3,11,Mixed,Mixed,Does not apply,Not recorded,146312,4,0
121317,815,2114,8152114,Friarage Community Primary School,Friarage Community Primary School,Longwestgate,,,Scarborough,YO11 1QB,01723374244,2,,20190831,0,Maintained School,Community school,Academy sponsor led mainstream,1,0,0,3,11,Mixed,Mixed,Does not apply,Not recorded,147448,4,0
121319,815,2117,8152117,Gladstone Road Primary School,,Wooler Street,,,Scarborough,YO12 7DD,01723372566,1,,,0,Maintained School,Community school,,1,0,0,4,11,Mixed,Mixed,Does not apply,Not recorded,,6,0
121321,815,2120,8152120,"Scarborough, Northstead Community Primary School",,Maple Drive,,,Scarborough,YO12 6LP,01723362249,1,,,0,Maintained School,Community school,,1,0,0,4,11,Mixed,Mixed,Does not apply,Not recorded,,6,0
121322,815,2132,8152132,Slingsby Community Primary School,,The Green,Slingsby,,York,YO62 4AA,01653628370,1,,,0,Maintained School,Community school,,1,0,0,4,11,Mixed,Mixed,Does not apply,Not recorded,,6,0
121323,815,2133,8152133,Snape Community Primary School,,Ings Lane,,Snape,Bedale,DL8 2TF,01677470380,1,,,0,Maintained School,Community school,,1,0,0,3,11,Mixed,Mixed,Does not apply,Not recorded,,6,0
121324,815,2138,8152138,Stillington Primary School,,Main Street,Stillington,,York,YO61 1LA,01347810347,1,,,0,Maintained School,Community school,,1,0,0,4,11,Mixed,Mixed,Does not apply,Not recorded,,6,0
121326,815,2150,8152150,Alanbrooke School,,Alanbrooke Barracks,Topcliffe,,Thirsk,YO7 3SF,01845577474,1,,,0,Maintained School,Community school,,1,0,0,4,11,Mixed,Mixed,Does not apply,Not recorded,,6,0
121327,815,2151,8152151,Welburn Community Primary School,,Welburn,,,York,YO60 7DX,01653618301,1,,,0,Maintained School,Community school,,1,0,0,4,11,Mixed,Mixed,Does not apply,Not recorded,,6,0
121330,815,2163,8152163,Mill Hill Community Primary School,,Crosby Road,,,Northallerton,DL6 1AE,01609772382,1,,,0,Maintained School,Community school,,1,0,0,4,11,Mixed,Mixed,Does not apply,Not recorded,,6,0
121331,815,2164,8152164,Easingwold Community Primary School,,Thirsk Road,Easingwold,,York,YO61 3HJ,01347821282,1,,,0,Maintained School,Community school,,1,0,0,4,11,Mixed,Mixed,Does not apply,Not recorded,,6,0
121332,815,2165,8152165,Dishforth Airfield Community Primary School,,Short Road,Dishforth Airfield,,Thirsk,YO7 3DL,01423322556,1,,,0,Maintained School,Community school,,1,0,0,3,11,Mixed,Mixed,Does not apply,Not recorded,,6,0
121333,815,2166,8152166,Leeming RAF Community Primary School,,Gatenby,,,Northallerton,DL7 9NQ,01677422675,1,,,0,Maintained School,Community school,,1,0,0,4,11,Mixed,Mixed,Does not apply,Not recorded,,6,0
121334,815,2167,8152167,Colburn Community Primary School,,Colburn Lane,Colburn,,Catterick Garrison,DL9 4LS,01748832676,1,,,0,Maintained School,Community school,,1,0,0,4,11,Mixed,Mixed,Does not apply,Not recorded,,6,0
121336,815,2170,8152170,"Scarborough, Overdale Community Primary School",,Hawthorn Walk,Eastfield,,Scarborough,YO11 3HW,01723582360,1,,,0,Maintained School,Community school,,1,0,0,3,11,Mixed,Mixed,Does not apply,Not recorded,,6,0
121337,815,2171,8152171,Linton-on-Ouse Primary School,,Linton Woods Lane,Linton-on-Ouse,,York,YO30 2BD,01347848234,1,,,0,Maintained School,Community school,,1,0,0,3,11,Mixed,Mixed,Does not apply,Not recorded,,6,0
121338,815,2173,8152173,"Catterick Garrison, Le Cateau Community Primary School",,Brough Road,,,Catterick Garrison,DL9 4ED,01748832292,1,,,0,Maintained School,Community school,,1,0,0,3,11,Mixed,Mixed,Does not apply,Not recorded,,6,0
121342,815,2186,8152186,Sheriff Hutton Primary School,,West End,Sheriff Hutton,,York,YO60 6SH,01347878441,1,,,0,Maintained School,Community school,,1,0,0,4,11,Mixed,Mixed,Does not apply,Not recorded,,6,0
121343,815,2188,8152188,Wavell Community Junior School,,Wavell Road,,,Catterick Garrison,DL9 3BJ,01748832298,1,,,0,Maintained School,Community school,,1,0,0,7,11,Mixed,Mixed,Does not apply,Not recorded,,6,0
121344,815,2189,8152189,"Catterick Garrison, Wavell Community Infant School",,Wavell Road,,,Catterick Garrison,DL9 3BJ,01748833340,1,,,0,Maintained School,Community school,,1,0,0,3,7,Mixed,Mixed,Does not apply,Not recorded,,6,0
121349,815,2206,8152206,Wheatcroft Community Primary School,,Holbeck Hill,,,Scarborough,YO11 3BW,01723375704,1,,,0,Maintained School,Community school,,1,0,0,4,11,Mixed,Mixed,Does not apply,Not recorded,,6,0
121350,815,2212,8152212,"Catterick Garrison, Carnagill Community Primary School",,Leadmill Estate,,,Catterick Garrison,DL9 3HN,01748833622,3,,,0,Maintained School,Community school,,1,0,0,3,11,Mixed,Mixed,Does not apply,Not recorded,,6,0
121355,815,2221,8152221,Sinnington Primary School,,Friars Hill,Sinnington,,York,YO62 6SL,01751431725,1,,,0,Maintained School,Community school,,1,0,0,4,11,Mixed,Mixed,Does not apply,Not recorded,,6,0
121356,815,2222,8152222,Pickering Community Junior School,,Middleton Road,,,Pickering,YO18 8AJ,01751472873,1,,,0,Maintained School,Community school,,1,0,0,7,11,Mixed,Mixed,Does not apply,Non-selective,,6,0
121357,815,2223,8152223,Seamer and Irton Community Primary School,,Denison Avenue,Seamer,,Scarborough,YO12 4QX,01723863489,1,,,0,Maintained School,Community school,,1,0,0,4,11,Mixed,Mixed,Does not apply,Not recorded,,6,0
121358,815,2224,8152224,Cayton Community Primary School,,Mill Lane,Cayton,,Scarborough,YO11 3NN,01723582910,1,,,0,Maintained School,Community school,,1,0,0,5,11,Mixed,Mixed,Does not apply,Not recorded,,6,0
121359,815,2225,8152225,Broomfield School,,Broomfield Avenue,,,Northallerton,DL7 8RG,01609774050,1,,,0,Maintained School,Community school,,1,0,0,4,11,Mixed,Mixed,Does not apply,Not recorded,,6,0
121361,815,2228,8152228,Hutton Rudby Primary School,,Doctors Lane,Hutton Rudby,,Yarm,TS15 0EQ,01642700203,1,,,0,Maintained School,Community school,,1,0,0,4,11,Mixed,Mixed,Does not apply,Not recorded,,6,0
121362,815,2233,8152233,Lindhead School,,Limestone Road,Burniston,,Scarborough,YO13 0DG,01723870714,1,,,0,Maintained School,Community school,,1,0,0,4,11,Mixed,Mixed,Does not apply,Not recorded,,6,0
121363,815,2235,8152235,Pickering Community Infant School,,Ruffa Lane,,,Pickering,YO18 7AT,01751472620,1,,,0,Maintained School,Community school,,1,0,0,3,7,Mixed,Mixed,Does not apply,Not recorded,,6,0
121364,815,2236,8152236,Helmsley Community Primary School,,Carlton Lane,Helmsley,,York,YO62 5HB,01439770783,1,,,0,Maintained School,Community school,,1,0,0,3,11,Mixed,Mixed,Does not apply,Not recorded,,6,0
121365,815,2237,8152237,Thirsk Community Primary School,,Hambleton Place,,,Thirsk,YO7 1SL,01845524349,1,,,0,Maintained School,Community school,,1,0,0,3,11,Mixed,Mixed,Does not apply,Not recorded,,6,0
121368,815,2242,8152242,Alverton Primary School,,Mount Road,,Alverton CP School,Northallerton,DL6 1RB,01609773524,1,,,0,Maintained School,Community school,,1,0,0,3,11,Mixed,Mixed,Does not apply,Not recorded,,6,0
121369,815,2245,8152245,Alne Primary School,,Main Street,Alne,,York,YO61 1RT,01347838427,1,,,0,Maintained School,Community school,,1,0,0,4,11,Mixed,Mixed,Does not apply,Not recorded,,6,0
121370,815,2246,8152246,Amotherby Community Primary School,,Meadowfield,Amotherby,,Malton,YO17 6TG,01653693675,1,,,0,Maintained School,Community school,,1,0,0,5,11,Mixed,Mixed,Does not apply,Not recorded,,6,0
121371,815,2247,8152247,Appleton Wiske Community Primary School,,Front Street,Appleton Wiske,,Northallerton,DL6 2AA,01609881398,1,,,0,Maintained School,Community school,,1,0,0,4,11,Mixed,Mixed,Does not apply,Not recorded,,6,0
121372,815,2249,8152249,Brompton Community Primary School,,Station Road,Brompton,,Northallerton,DL6 2RE,01609772657,1,,,0,Maintained School,Community school,,1,0,0,3,11,Mixed,Mixed,Does not apply,Not recorded,,6,0
121373,815,2250,8152250,Brompton and Sawdon Community Primary School,,Cayley Lane,Brompton By Sawdon,,Scarborough,YO13 9DL,01723859359,1,,,0,Maintained School,Community school,,1,0,0,5,11,Mixed,Mixed,Does not apply,Not recorded,,6,0
121377,815,2257,8152257,East Ayton Community Primary School,,3 Moor Lane,East Ayton,,Scarborough,YO13 9EW,01723862132,1,,,0,Maintained School,Community school,,1,0,0,3,11,Mixed,Mixed,Does not apply,Not recorded,,6,0
121380,815,2305,8152305,Bentham Community Primary School,,Low Bentham Road,Bentham,,Lancaster,LA2 7BP,01524261412,1,,,0,Maintained School,Community school,,1,0,0,3,11,Mixed,Mixed,Does not apply,Not recorded,,6,0
121382,815,2309,8152309,Boroughbridge Primary School,,York Road,Boroughbridge,,York,YO51 9EB,01423322208,1,,,0,Maintained School,Community school,,1,0,0,3,11,Mixed,Mixed,Does not apply,Not recorded,,6,0
121383,815,2310,8152310,Bradleys Both Community Primary School,,Skipton Road,Bradley,,Keighley,BD20 9EF,01535633116,1,,,0,Maintained School,Community school,,1,0,0,4,11,Mixed,Mixed,Does not apply,Not recorded,,6,0
121385,815,2312,8152312,Burton Salmon Community Primary School,,Burton Salmon,Ledgate Lane,,Leeds,LS25 5JY,01977672405,1,,,0,Maintained School,Community school,,1,0,0,5,11,Mixed,Mixed,Does not apply,Not recorded,,6,0
121386,815,2314,8152314,Carlton-in-Snaith Community Primary School,,Townend Avenue,Carlton,,Goole,DN14 9NR,01405860736,1,,,0,Maintained School,Community school,,1,0,0,4,11,Mixed,Mixed,Does not apply,Not recorded,,6,0
121387,815,2316,8152316,Cononley Community Primary School,,Meadow Lane,Cononley,,Keighley,BD20 8NA,01535633040,1,,,0,Maintained School,Community school,,1,0,0,5,11,Mixed,Mixed,Does not apply,Not recorded,,6,0
121388,815,2317,8152317,Cowling Community Primary School,,Gill Lane,Cowling,,Keighley,BD22 0DF,01535632198,1,,,0,Maintained School,Community school,,1,0,0,4,11,Mixed,Mixed,Does not apply,Not recorded,,6,0
121390,815,2320,8152320,Fairburn Community Primary School,,Great North Road,Fairburn,,Knottingley,WF11 9JY,01977672158,1,,,0,Maintained School,Community school,,1,0,0,5,11,Mixed,Mixed,Does not apply,Not recorded,,6,0
121391,815,2321,8152321,Kettlesing Felliscliffe Community Primary School,,Kettlesing,,,Harrogate,HG3 2LB,01423770576,1,,,0,Maintained School,Community school,,1,0,0,2,11,Mixed,Mixed,Does not apply,Not recorded,,6,0
121392,815,2324,8152324,Giggleswick Primary School,,Church Street,Giggleswick,,Settle,BD24 0BJ,01729822248,1,,,0,Maintained School,Community school,,1,0,0,4,11,Mixed,Mixed,Does not apply,Not recorded,,6,0
121393,815,2327,8152327,Great Ouseburn Community Primary School,,Main Street,Great Ouseburn,,York,YO26 9RG,01423330296,1,,,0,Maintained School,Community school,,1,0,0,3,11,Mixed,Mixed,Does not apply,Not recorded,,6,0
121395,815,2329,8152329,"Harrogate, Grove Road Community Primary School",,Grove Road,,,Harrogate,HG1 5EP,01423506060,1,,,0,Maintained School,Community school,,1,0,0,3,11,Mixed,Mixed,Does not apply,Not recorded,,6,0
121398,815,2332,8152332,Starbeck Community Primary School,Starbeck Primary Academy,High Street,Starbeck,,Harrogate,HG2 7LL,01423884780,2,,20190831,0,Maintained School,Community school,Academy sponsor led mainstream,1,0,0,3,11,Mixed,Mixed,Does not apply,Not recorded,146967,4,0
121401,815,2335,8152335,Summerbridge Community Primary School,,"Main Street, Summerbridge",,,Harrogate,HG3 4JN,01423780446,1,,,0,Maintained School,Community school,,1,0,0,5,11,Mixed,Mixed,Does not apply,Not recorded,,6,0
121402,815,2336,8152336,Hellifield Community Primary School,,Kendal Road,Hellifield,,Skipton,BD23 4HA,01729850215,1,,,0,Maintained School,Community school,,1,0,0,4,11,Mixed,Mixed,Does not apply,Not recorded,,6,0
121403,815,2337,8152337,Hensall Community Primary School,,Church Lane,Hensall,,Goole,DN14 0QQ,01977661340,1,,,0,Maintained School,Community school,,1,0,0,4,11,Mixed,Mixed,Does not apply,Not recorded,,6,0
121404,815,2338,8152338,Glasshouses Community Primary School,,Glasshouses,,,Harrogate,HG3 5QH,01423711440,1,,,0,Maintained School,Community school,,1,0,0,4,11,Mixed,Mixed,Does not apply,Not recorded,,6,0
121406,815,2343,8152343,Kettlewell Primary School,,Kettlewell,,,Skipton,BD23 5HX,01756760280,1,,,0,Maintained School,Community school,,1,0,0,4,11,Mixed,Mixed,Does not apply,Not recorded,,6,0
121410,815,2347,8152347,Darley Community Primary School,,Darley,,,Harrogate,HG3 2PZ,01423780234,1,,,0,Maintained School,Community school,,1,0,0,4,11,Mixed,Mixed,Does not apply,Not recorded,,6,0
121411,815,2348,8152348,Beckwithshaw Community Primary School,,Church Row,Beckwithshaw,,Harrogate,HG3 1QW,01423504642,1,,,0,Maintained School,Community school,,1,0,0,4,11,Mixed,Mixed,Does not apply,Not recorded,,6,0
121413,815,2350,8152350,Scotton Lingerfield Primary School,,Market Flat Lane,Lingerfield,,Knaresborough,HG5 9JA,01423862209,1,,,0,Maintained School,Community school,,1,0,0,4,11,Mixed,Mixed,Does not apply,Not recorded,,6,0
121415,815,2354,8152354,Sicklinghall Community Primary School,,Main Street,,Sicklinghall,Wetherby,LS22 4BD,01937582494,1,,,0,Maintained School,Community school,,1,0,0,4,11,Mixed,Mixed,Does not apply,Not recorded,,6,0
121417,815,2356,8152356,"Skipton, Water Street Community Primary School",,Elliot Street,,,Skipton,BD23 1PE,01756793026,1,,,0,Maintained School,Community school,,1,0,0,4,11,Mixed,Mixed,Does not apply,Not recorded,,6,0
121419,815,2358,8152358,Staveley Community Primary School,,Minskip Lane,Staveley,,Knaresborough,HG5 9LQ,01423340338,1,,,0,Maintained School,Community school,,1,0,0,3,11,Mixed,Mixed,Does not apply,Not recorded,,6,0
121420,815,2359,8152359,Sutton-in-Craven Community Primary School,,Bridge Road,Sutton-in-Craven,,Keighley,BD20 7ES,01535633064,1,,,0,Maintained School,Community school,,1,0,0,4,11,Mixed,Mixed,Does not apply,Not recorded,,6,0
121421,815,2360,8152360,Thornton in Craven Community Primary School,,Cam Lane,Thornton-in-Craven,Cam Lane,Thornton-in-Craven,BD23 3SX,01282843381,1,,,0,Maintained School,Community school,,1,0,0,3,11,Mixed,Mixed,Does not apply,Not recorded,,6,0
121423,815,2363,8152363,Whitley and Eggborough Community Primary School,,Learning Lane,Whitley,,Goole,DN14 0WE,01977661247,1,,,0,Maintained School,Community school,,1,0,0,4,11,Mixed,Mixed,Does not apply,Not recorded,,6,0
121424,815,2364,8152364,Willow Tree Community Primary School,,Wetherby Road,,,Harrogate,HG2 7SG,01423883551,1,,,0,Maintained School,Community school,,1,0,0,3,11,Mixed,Mixed,Does not apply,Not recorded,,6,0
121425,815,2365,8152365,"Skipton, Greatwood Community Primary School",,Pinhaw Road,,,Skipton,BD23 2SJ,01756793609,1,,,0,Maintained School,Community school,,1,0,0,3,11,Mixed,Mixed,Does not apply,Not recorded,,6,0
121426,815,2366,8152366,Moorside Infant School,,Harrogate Road,,,Ripon,HG4 1SU,01765604208,2,,20190428,0,Maintained School,Community school,,1,0,0,3,7,Mixed,Mixed,Does not apply,Not recorded,,5,0
121427,815,2367,8152367,Moorside Primary School & Nursery,,Harrogate Road,,,Ripon,HG4 1SU,01765604208,1,,,0,Maintained School,Community school,,1,0,0,3,11,Mixed,Mixed,Does not apply,Not recorded,,6,0
121436,815,2381,8152381,Thorpe Willoughby Community Primary School,,Londesborough Grove,Fox Lane,Thorpe Willoughby,Selby,YO8 9NX,01757703996,1,,,0,Maintained School,Community school,,1,0,0,4,11,Mixed,Mixed,Does not apply,Not recorded,,6,0
121444,815,2390,8152390,"Barwic Parade Community Primary School, Selby",,Barwic Parade,,,Selby,YO8 8DJ,01757705591,1,,,0,Maintained School,Community school,,1,0,0,3,11,Mixed,Mixed,Does not apply,Not recorded,,6,0
121445,815,2391,8152391,Ingleton Primary School,,Low Demesne,Ingleton,,Carnforth,LA6 3DY,01524241592,1,,,0,Maintained School,Community school,,1,0,0,3,11,Mixed,Mixed,Does not apply,Not recorded,,6,0
121447,815,2393,8152393,Glusburn Community Primary School,,Colne Road,Glusburn,,Keighley,BD20 8PJ,01535632145,1,,,0,Maintained School,Community school,,1,0,0,3,11,Mixed,Mixed,Does not apply,Not recorded,,6,0
121448,815,2400,8152400,Barlby Bridge Community Primary School,,Thomas Street,Barlby Road,Barlby Bridge,Selby,YO8 5AA,01757703650,1,,,0,Maintained School,Community school,,1,0,0,3,11,Mixed,Mixed,Does not apply,Not recorded,,6,0
121449,815,2401,8152401,Barlby Community Primary School,,Hilltop,Barlby,,Selby,YO8 5JQ,01757703317,1,,,0,Maintained School,Community school,,1,0,0,3,11,Mixed,Mixed,Does not apply,Not recorded,,6,0
121450,815,2402,8152402,Hemingbrough Community Primary School,,School Road,Hemingbrough,,Selby,YO8 6QS,01757638266,1,,,0,Maintained School,Community school,,1,0,0,5,11,Mixed,Mixed,Does not apply,Not recorded,,6,0
121451,815,2403,8152403,Hunmanby Primary School,,Priest Close,Hunmanby,,Filey,YO14 0QH,01723890350,1,,,0,Maintained School,Community school,,1,0,0,2,11,Mixed,Mixed,Does not apply,Not recorded,,6,0
121452,815,2404,8152404,Langton Primary School,,Langton,,,Malton,YO17 9QP,01653658236,1,,,0,Maintained School,Community school,,1,0,0,4,11,Mixed,Mixed,Does not apply,Not recorded,,6,0
121453,815,2405,8152405,Leavening Community Primary School,,Back Lane,Leavening,,Malton,YO17 9SW,01653658313,1,,,0,Maintained School,Community school,,1,0,0,3,11,Mixed,Mixed,Does not apply,Not recorded,,6,0
121454,815,2406,8152406,Luttons Community Primary School,,West Lutton,,,Malton,YO17 8TF,01944738232,1,,,0,Maintained School,Community school,,1,0,0,3,11,Mixed,Mixed,Does not apply,Not recorded,,6,0
121455,815,2407,8152407,North Duffield Community Primary School,,Broadmanor,North Duffield,,Selby,YO8 5RZ,01757288487,1,,,0,Maintained School,Community school,,1,0,0,4,11,Mixed,Mixed,Does not apply,Not recorded,,6,0
121456,815,2408,8152408,Norton Community Primary School,,Grove Street,Norton,,Malton,YO17 9BG,01653692104,1,,,0,Maintained School,Community school,,1,0,0,3,11,Mixed,Mixed,Does not apply,Not recorded,,6,0
121457,815,2410,8152410,Riccall Community Primary School,,Coppergate,Riccall,,York,YO19 6PF,01757248234,1,,,0,Maintained School,Community school,,1,0,0,4,11,Mixed,Mixed,Does not apply,Not recorded,,6,0
121458,815,2411,8152411,Rillington Community Primary School,,High Street,Rillington,,Malton,YO17 8LA,01944758402,1,,,0,Maintained School,Community school,,1,0,0,3,11,Mixed,Mixed,Does not apply,Not recorded,,6,0
121459,815,2413,8152413,Filey Junior School,,West Road,,,Filey,YO14 9LU,01723513076,1,,,0,Maintained School,Community school,,1,0,0,7,11,Mixed,Mixed,Does not apply,Not recorded,,6,0
121460,815,2418,8152418,"Selby, Longman's Hill Community Primary School",,Myrtle Avenue,Brayton,,Selby,YO8 9BG,01757706841,1,,,0,Maintained School,Community school,,1,0,0,4,11,Mixed,Mixed,Does not apply,Not recorded,,6,0
121461,815,2421,8152421,"Sherburn in Elmet, Athelstan Community Primary School",,Milford Road,Sherburn-in-Elmet,,Leeds,LS25 6QN,01977684037,1,,,0,Maintained School,Community school,,1,0,0,2,11,Mixed,Mixed,Does not apply,Not recorded,,6,0
121463,815,2424,8152424,Saltergate Community Junior School,,Newby Crescent,,,Harrogate,HG3 2TT,01423506866,1,,,0,Maintained School,Community school,,1,0,0,7,11,Mixed,Mixed,Does not apply,Not recorded,,6,0
121464,815,2425,8152425,Saltergate Infant School,,Newby Crescent,,,Harrogate,HG3 2TT,01423508552,1,,,0,Maintained School,Community school,,1,0,0,2,7,Mixed,Mixed,Does not apply,Not recorded,,6,0
121469,815,2430,8152430,Woodfield Primary School,,Woodfield Road,,,Harrogate,HG1 4HZ,01423566494,1,,,0,Maintained School,Community school,,1,0,0,3,11,Mixed,Mixed,Does not apply,Not recorded,,6,0
121471,815,3000,8153000,Ainderby Steeple Church of England Primary School,Ainderby Steeple Church of England Primary School,Station Lane,Morton-on-Swale,,Northallerton,DL7 9QR,01609773519,2,,20181231,0,Maintained School,Voluntary controlled school,Academy - Converter mainstream,1,0,0,2,11,Mixed,Mixed,Church of England,Not recorded,144165,2,0
121472,815,3001,8153001,"Aiskew, Leeming Bar Church of England Primary School",,2 Leeming Lane,Leeming Bar,,Northallerton,DL7 9AU,01677422403,1,,,0,Maintained School,Voluntary controlled school,,1,0,0,4,11,Mixed,Mixed,Church of England,Not recorded,,6,0
121475,815,3005,8153005,St Hilda's Ampleforth Church of England Voluntary Controlled Primary School,,Station Road,Ampleforth,,York,YO62 4DG,01439788357,1,,,0,Maintained School,Voluntary controlled school,,1,0,0,3,11,Mixed,Mixed,Church of England,Not recorded,,6,0
121476,815,3006,8153006,Arkengarthdale Church of England Primary School,,Arkengarthdale,,,Richmond,DL11 6EN,01748884335,2,,20190831,0,Maintained School,Voluntary controlled school,,1,0,0,4,11,Mixed,Mixed,Church of England,Not recorded,,5,0
121477,815,3008,8153008,Bainbridge Church of England Primary and Nursery School,,Bainbridge,,,Leyburn,DL8 3EL,01969650336,1,,,0,Maintained School,Voluntary controlled school,,1,0,0,3,11,Mixed,Mixed,Church of England,Not recorded,,6,0
121479,815,3010,8153010,Bedale Church of England Primary School,,Firby Road,,,Bedale,DL8 2AT,01677422401,1,,,0,Maintained School,Voluntary controlled school,,1,0,0,5,11,Mixed,Mixed,Church of England,Not recorded,,6,0
121480,815,3012,8153012,Bilsdale Midcable Chop Gate Church of England Voluntary Controlled Primary School,,Chop Gate,,,Middlesbrough,TS9 7JL,01642778202,1,,,0,Maintained School,Voluntary controlled school,,1,0,0,4,11,Mixed,Mixed,Church of England,Not recorded,,6,0
121481,815,3015,8153015,Brompton-on-Swale Church of England Primary School,,Brompton Park,Brompton-on-Swale,,Richmond,DL10 7JW,01748811683,1,,,0,Maintained School,Voluntary controlled school,,1,0,0,4,11,Mixed,Mixed,Church of England,Not recorded,,6,0
121482,815,3016,8153016,West Burton Church of England Primary School,,West Burton,,,Leyburn,DL8 4JY,01969663230,1,,,0,Maintained School,Voluntary controlled school,,1,0,0,4,11,Mixed,Mixed,Church of England,Not recorded,,6,0
121483,815,3020,8153020,Crakehall Church of England Primary School,,The Green,Crakehall,,Bedale,DL8 1HP,01677422515,1,,,0,Maintained School,Voluntary controlled school,,1,0,0,5,11,Mixed,Mixed,Church of England,Not recorded,,6,0
121484,815,3021,8153021,Crayke Church of England Voluntary Controlled Primary School,,Easingwold Road,Crayke,,York,YO61 4TZ,01347821767,1,,,0,Maintained School,Voluntary controlled school,,1,0,0,4,11,Mixed,Mixed,Church of England,Not recorded,,6,0
121486,815,3025,8153025,Danby Church of England Voluntary Controlled School,,Ainthorpe Lane,Danby,,Whitby,YO21 2NG,01287660345,1,,,0,Maintained School,Voluntary controlled school,,1,0,0,5,11,Mixed,Mixed,Church of England,Not recorded,,6,0
121487,815,3027,8153027,Dishforth Church of England Voluntary Controlled Primary School,,Grange Close,Dishforth,,Thirsk,YO7 3LN,01845577206,1,,,0,Maintained School,Voluntary controlled school,,1,0,0,3,11,Mixed,Mixed,Church of England,Not recorded,,6,0
121491,815,3035,8153035,Sleights Church of England Voluntary Controlled Primary School,,Ingham Close,Sleights,,Whitby,YO22 5DN,01947810395,1,,,0,Maintained School,Voluntary controlled school,,1,0,0,3,11,Mixed,Mixed,Church of England,Not recorded,,6,0
121492,815,3039,8153039,Foston Church of England Voluntary Controlled Primary School,,Foston,,,York,YO60 7QB,01653618265,1,,,0,Maintained School,Voluntary controlled school,,1,0,0,3,11,Mixed,Mixed,Church of England,Not recorded,,6,0
121493,815,3040,8153040,Gillamoor Church of England Voluntary Controlled Primary School,,Main Street,Gillamoor,,York,YO62 7HX,01751431643,1,,,0,Maintained School,Voluntary controlled school,,1,0,0,4,11,Mixed,Mixed,Church of England,Not recorded,,6,0
121495,815,3042,8153042,"Marwood Church of England Voluntary Controlled Infant School, Great Ayton",,Low Green,Great Ayton,,Middlesbrough,TS9 6NN,01642722389,1,,,0,Maintained School,Voluntary controlled school,,1,0,0,5,7,Mixed,Mixed,Church of England,Not recorded,,6,0
121496,815,3045,8153045,Hackforth and Hornby Church of England Primary School,,Hackforth,,,Bedale,DL8 1PE,01748811698,1,,,0,Maintained School,Voluntary controlled school,,1,0,0,4,11,Mixed,Mixed,Church of England,Not recorded,,6,0
121497,815,3046,8153046,Hackness Church of England Voluntary Controlled Primary School,,Hackness,,,Scarborough,YO13 0JN,01723882212,1,,,0,Maintained School,Voluntary controlled school,,1,0,0,4,11,Mixed,Mixed,Church of England,Not recorded,,6,0
121498,815,3050,8153050,Hawsker Cum Stainsacre Church of England Voluntary Controlled Primary School,,Hawsker,,,Whitby,YO22 4LA,01947602772,1,,,0,Maintained School,Voluntary controlled school,,1,0,0,5,11,Mixed,Mixed,Church of England,Not recorded,,6,0
121499,815,3053,8153053,Hipswell Church of England Primary School,,Hipswell,,,Catterick Garrison,DL9 4BB,01748832513,1,,,0,Maintained School,Voluntary controlled school,,1,0,0,4,11,Mixed,Mixed,Church of England,Not recorded,,6,0
121500,815,3054,8153054,Hovingham Church of England Voluntary Controlled Primary School,,Main Street,Hovingham,,York,YO62 4LF,01653628358,1,,,0,Maintained School,Voluntary controlled school,,1,0,0,5,11,Mixed,Mixed,Church of England,Not recorded,,6,0
121501,815,3055,8153055,Huby Church of England Voluntary Controlled Primary School,,Tollerton Road,Huby,,York,YO61 1HX,01347810432,1,,,0,Maintained School,Voluntary controlled school,,1,0,0,4,11,Mixed,Mixed,Church of England,Not recorded,,6,0
121502,815,3057,8153057,Husthwaite Church of England Voluntary Controlled Primary School,,Low Street,Husthwaite,,York,YO61 4QA,01347868371,1,,,0,Maintained School,Voluntary controlled school,,1,0,0,3,11,Mixed,Mixed,Church of England,Not recorded,,6,0
121503,815,3060,8153060,Ingleby Greenhow Church of England Voluntary Controlled Primary School,,Ingleby Greenhow,Great Ayton,"Ingleby Greenhow, Great Ayton",MIDDLESBROUGH,TS9 6LL,01642722675,1,,,0,Maintained School,Voluntary controlled school,,1,0,0,4,11,Mixed,Mixed,Church of England,Not recorded,,6,0
121504,815,3062,8153062,Kirby Hill Church of England Primary School,,Kirby Hill,Boroughbridge,,York,YO51 9DS,01423322713,1,,,0,Maintained School,Voluntary controlled school,,1,0,0,3,11,Mixed,Mixed,Church of England,Not recorded,,6,0
121507,815,3069,8153069,Lythe Church of England Voluntary Controlled Primary School,,High Street,Lythe,,Whitby,YO21 3RT,01947893373,1,,,0,Maintained School,Voluntary controlled school,,1,0,0,3,11,Mixed,Mixed,Church of England,Non-selective,,6,0
121508,815,3076,8153076,Kell Bank Church of England Primary School,,Healey,Masham,,Ripon,HG4 4LH,01765689410,1,,,0,Maintained School,Voluntary controlled school,,1,0,0,4,11,Mixed,Mixed,Church of England,Not recorded,,6,0
121510,815,3088,8153088,Pickhill Church of England Primary School,,The Green,Pickhill,,Thirsk,YO7 4JL,01845567339,1,,,0,Maintained School,Voluntary controlled school,,1,0,0,4,11,Mixed,Mixed,Church of England,Not recorded,,6,0
121513,815,3099,8153099,Sand Hutton Church of England Voluntary Controlled Primary School,,Sand Hutton,,,York,YO41 1LB,01904468308,1,,,0,Maintained School,Voluntary controlled school,,1,0,0,4,11,Mixed,Mixed,Church of England,Not recorded,,6,0
121514,815,3101,8153101,Sessay Church of England Voluntary Controlled Primary School,,Sessay,,,Thirsk,YO7 3NA,01845501239,1,,,0,Maintained School,Voluntary controlled school,,1,0,0,5,11,Mixed,Mixed,Church of England,Not recorded,,6,0
121515,815,3108,8153108,Snainton Church of England Voluntary Controlled Primary School,,Pickering Road,Snainton,,Scarborough,YO13 9AF,01723859229,1,,,0,Maintained School,Voluntary controlled school,,1,0,0,2,11,Mixed,Mixed,Church of England,Not recorded,,6,0
121516,815,3109,8153109,South Kilvington Church of England Voluntary Controlled Primary School,,Stockton Road,South Kilvington,,Thirsk,YO7 2LR,01845523191,1,,,0,Maintained School,Voluntary controlled school,,1,0,0,4,11,Mixed,Mixed,Church of England,Not recorded,,6,0
121517,815,3110,8153110,Spennithorne Church of England Primary School,,Spennithorne,,,Leyburn,DL8 5PR,01969623474,1,,,0,Maintained School,Voluntary controlled school,,1,0,0,4,11,Mixed,Mixed,Church of England,Not recorded,,6,0
121518,815,3113,8153113,Sutton on the Forest Church of England Voluntary Controlled Primary School,,Main Street,Sutton-on-the-Forest,,York,YO61 1DW,01347810230,1,,,0,Maintained School,Voluntary controlled school,,1,0,0,5,11,Mixed,Mixed,Church of England,Not recorded,,6,0
121520,815,3117,8153117,Thornton Dale CofE (VC) Primary School,,Castle Close,Thornton Dale,,Pickering,YO18 7TW,01751474345,1,,,0,Maintained School,Voluntary controlled school,,1,0,0,4,11,Mixed,Mixed,Church of England,Not recorded,,6,0
121521,815,3119,8153119,Thornton Watlass Church of England Primary School,,Thornton Watlass,,,Ripon,HG4 4AH,01677422685,1,,,0,Maintained School,Voluntary controlled school,,1,0,0,3,11,Mixed,Mixed,Church of England,Not recorded,,6,0
121523,815,3122,8153122,Warthill Church of England Voluntary Controlled Primary School,,Warthill,,,York,YO19 5XL,01904489296,1,,,0,Maintained School,Voluntary controlled school,,1,0,0,4,11,Mixed,Mixed,Church of England,Not recorded,,6,0
121524,815,3124,8153124,"St Nicholas Church of England Primary School, West Tanfield",,Mowbray Terrace,West Tanfield,,Ripon,HG4 5JN,01677470329,1,,,0,Maintained School,Voluntary controlled school,,1,0,0,4,11,Mixed,Mixed,Church of England,Not recorded,,6,0
121525,815,3126,8153126,Ruswarp Church of England Voluntary Controlled Primary School,,Ruswarp,,,Whitby,YO21 1NJ,01947602029,1,,,0,Maintained School,Voluntary controlled school,,1,0,0,4,11,Mixed,Mixed,Church of England,Not recorded,,6,0
121526,815,3130,8153130,Wykeham Church of England Voluntary Controlled Primary School,,Main Road,Wykeham,,Scarborough,YO13 9QB,01723862413,1,,,0,Maintained School,Voluntary controlled school,,1,0,0,4,11,Mixed,Mixed,Church of England,Not recorded,,6,0
121528,815,3139,8153139,Fylingdales Church of England Voluntary Controlled Primary School,,Thorpe Lane,Fylingthorpe,,Whitby,YO22 4TH,01947880429,1,,,0,Maintained School,Voluntary controlled school,,1,0,0,4,11,Mixed,Mixed,Church of England,Not recorded,,6,0
121529,815,3150,8153150,Cliffe Voluntary Controlled Primary School,,Main Street,Cliffe,,Selby,YO8 6NN,01757638426,1,,,0,Maintained School,Voluntary controlled school,,1,0,0,4,11,Mixed,Mixed,None,Not recorded,,6,0
121532,815,3153,8153153,Escrick Church of England Voluntary Controlled Primary School,,Carr Lane,Escrick,,York,YO19 6JQ,01904728570,1,,,0,Maintained School,Voluntary controlled school,,1,0,0,4,11,Mixed,Mixed,Church of England,Not recorded,,6,0
121534,815,3155,8153155,"Hertford Vale Church of England Voluntary Controlled Primary School, Staxton",,Ings Lane,Staxton,,Scarborough,YO12 4SS,01944710273,1,,,0,Maintained School,Voluntary controlled school,,1,0,0,4,11,Mixed,Mixed,Church of England,Not recorded,,6,0
121538,815,3160,8153160,Settrington All Saints' Church of England Voluntary Controlled Primary School,,Settrington,,,Malton,YO17 8NP,01944768238,1,,,0,Maintained School,Voluntary controlled school,,1,0,0,4,11,Mixed,Mixed,Church of England,Not recorded,,6,0
121539,815,3161,8153161,Sherburn Church of England Voluntary Controlled Primary School,,St Hilda's Street,Sherburn,,Malton,YO17 8PG,01944710282,1,,,0,Maintained School,Voluntary controlled school,,1,0,0,2,11,Mixed,Mixed,Church of England,Not recorded,,6,0
121540,815,3163,8153163,Weaverthorpe Church of England Voluntary Controlled Primary School,,Weaverthorpe,,,Malton,YO17 8ES,01944738280,1,,,0,Maintained School,Voluntary controlled school,,1,0,0,3,11,Mixed,Mixed,Church of England,Not recorded,,6,0
121541,815,3165,8153165,West Heslerton Church of England Voluntary Controlled Primary School,,West Heslerton,,,Malton,YO17 8RD,01944728286,1,,,0,Maintained School,Voluntary controlled school,,1,0,0,4,11,Mixed,Mixed,Church of England,Not recorded,,6,0
121542,815,3207,8153207,Gunnerside Methodist Primary School,,Gunnerside,,,Richmond,DL11 6LE,01748886321,1,,,0,Maintained School,Voluntary controlled school,,1,0,0,4,11,Mixed,Mixed,Methodist,Not recorded,,6,0
121543,815,3208,8153208,Melsonby Methodist Primary School,,West Road,Melsonby,,Richmond,DL10 5ND,01325718318,1,,,0,Maintained School,Voluntary controlled school,,1,0,0,4,11,Mixed,Mixed,Methodist,Not recorded,,6,0
121544,815,3210,8153210,Richmond Methodist Primary School,,Darlington Road,,,Richmond,DL10 7BH,01748822794,1,,,0,Maintained School,Voluntary controlled school,,1,0,0,5,11,Mixed,Mixed,Methodist,Not recorded,,6,0
121548,815,3223,8153223,Barlow Church of England Voluntary Controlled Primary School,,Park Road,Barlow,,Selby,YO8 8ES,01757618319,1,,,0,Maintained School,Voluntary controlled school,,1,0,0,5,11,Mixed,Mixed,Church of England,Not recorded,,6,0
121549,815,3225,8153225,"St Cuthbert's Church of England Primary School, Pateley Bridge",,King Street,Pateley Bridge,,Harrogate,HG3 5LE,01423711407,1,,,0,Maintained School,Voluntary controlled school,,1,0,0,3,11,Mixed,Mixed,Church of England,Not recorded,,6,0
121550,815,3226,8153226,Birstwith Church of England Primary School,,Wreaks Road,Birstwith,,Harrogate,HG3 2NJ,01423770554,1,,,0,Maintained School,Voluntary controlled school,,1,0,0,4,11,Mixed,Mixed,Church of England,Not recorded,,6,0
121551,815,3227,8153227,Bishop Monkton Church of England Primary School,,St John's Road,Bishop Monkton,,Harrogate,HG3 3QW,01765677583,1,,,0,Maintained School,Voluntary controlled school,,1,0,0,2,11,Mixed,Mixed,Church of England,Not recorded,,6,0
121552,815,3228,8153228,Admiral Long Church of England Primary School,,Admiral Way,Burnt Yates,,Harrogate,HG3 3EJ,01423770185,1,,,0,Maintained School,Voluntary controlled school,,1,0,0,4,11,Mixed,Mixed,Church of England,Not recorded,,6,0
121554,815,3231,8153231,Brayton Church of England Voluntary Controlled Primary School,Brayton Church of England Primary School,Brayton Lane,Brayton,,Selby,YO8 9DZ,01757704308,2,,20191031,0,Maintained School,Voluntary controlled school,Academy sponsor led mainstream,1,0,0,3,11,Mixed,Mixed,Church of England,Not recorded,147521,4,0
121555,815,3232,8153232,Burton Leonard Church of England Primary School,,Burton Leonard,,,Harrogate,HG3 3RW,01765677412,1,,,0,Maintained School,Voluntary controlled school,,1,0,0,5,11,Mixed,Mixed,Church of England,Not recorded,,6,0
121556,815,3233,8153233,Chapel Haddlesey Church of England Voluntary Controlled Primary School,,Millfield Road,Chapel Haddlesey,,Selby,YO8 8QF,01757270282,1,,,0,Maintained School,Voluntary controlled school,,1,0,0,3,11,Mixed,Mixed,Church of England,Not recorded,,6,0
121557,815,3234,8153234,Clapham Church of England Voluntary Controlled Primary School,,The Green,,,Lancaster,LA2 8EJ,01524251371,1,,,0,Maintained School,Voluntary controlled school,,1,0,0,3,11,Mixed,Mixed,Church of England,Not recorded,,6,0
121558,815,3235,8153235,Cracoe and Rylstone Voluntary Controlled Church of England Primary School,,Cracoe,,,Skipton,BD23 6LQ,01756730259,1,,,0,Maintained School,Voluntary controlled school,,1,0,0,4,11,Mixed,Mixed,Church of England,Not recorded,,6,0
121559,815,3236,8153236,Embsay Church of England Voluntary Controlled Primary School,,Pasture Road,Embsay,,Skipton,BD23 6RH,01756793426,1,,,0,Maintained School,Voluntary controlled school,,1,0,0,4,11,Mixed,Mixed,Church of England,Not recorded,,6,0
121560,815,3237,8153237,Follifoot Church of England Primary School,,Main Street,Follifoot,,Harrogate,HG3 1DU,01423872580,1,,,0,Maintained School,Voluntary controlled school,,1,0,0,5,11,Mixed,Mixed,Church of England,Not recorded,,6,0
121561,815,3238,8153238,"Fountains Earth, Lofthouse Church of England Endowed Primary School",,Fountains Earth,Lofthouse,,Harrogate,HG3 5RZ,01423755289,1,,,0,Maintained School,Voluntary controlled school,,1,0,0,4,11,Mixed,Mixed,Church of England,Not recorded,,6,0
121562,815,3240,8153240,Goldsborough Church of England Primary School,,Goldsborough,,,Knaresborough,HG5 8NJ,01423862617,1,,,0,Maintained School,Voluntary controlled school,,1,0,0,5,11,Mixed,Mixed,Church of England,Not recorded,,6,0
121563,815,3241,8153241,Grassington Church of England Voluntary Controlled Primary School,,Acre Lane,Grassington,,Skipton,BD23 5LB,01756752365,1,,,0,Maintained School,Voluntary controlled school,,1,0,0,4,11,Mixed,Mixed,Church of England,Not recorded,,6,0
121564,815,3242,8153242,Green Hammerton Church of England Primary School,,York Road,Green Hammerton,,York,YO26 8BN,01423330314,1,,,0,Maintained School,Voluntary controlled school,,1,0,0,3,11,Mixed,Mixed,Church of England,Not recorded,,6,0
121565,815,3243,8153243,Grewelthorpe Church of England Primary School,,Cross Hills,Grewelthorpe,,Ripon,HG4 3BH,01765658287,1,,,0,Maintained School,Voluntary controlled school,,1,0,0,3,11,Mixed,Mixed,Church of England,Not recorded,,6,0
121566,815,3244,8153244,Hambleton Church of England Voluntary Controlled Primary School,,Gateforth Lane,Hambleton,,Selby,YO8 9HP,01757228391,1,,,0,Maintained School,Voluntary controlled school,,1,0,0,5,11,Mixed,Mixed,Church of England,Not recorded,,6,0
121569,815,3248,8153248,Killinghall Church of England Primary School,,Otley Road,Killinghall,,Harrogate,HG3 2DW,01423506307,1,,,0,Maintained School,Voluntary controlled school,,1,0,0,4,11,Mixed,Mixed,Church of England,Not recorded,,6,0
121570,815,3249,8153249,Kirkby Malzeard Church of England Primary School,,Church Street,"Kirkby Malzeard, Ripon",,Ripon,HG4 3RT,01765658329,1,,,0,Maintained School,Voluntary controlled school,,1,0,0,5,11,Mixed,Mixed,Church of England,Not recorded,,6,0
121572,815,3252,8153252,Kirk Hammerton Church of England Primary School,,St John's Grove,Kirk Hammerton,,York,YO26 8DE,01423330460,1,,,0,Maintained School,Voluntary controlled school,,1,0,0,4,11,Mixed,Mixed,Church of England,Not recorded,,6,0
121573,815,3253,8153253,Kirk Smeaton Church of England Voluntary Controlled Primary School,,Main Street,Kirk Smeaton,,Pontefract,WF8 3JY,01977620497,1,,,0,Maintained School,Voluntary controlled school,,1,0,0,3,11,Mixed,Mixed,Church of England,Not recorded,,6,0
121575,815,3255,8153255,Long Marston Church of England Voluntary Controlled Primary School,,Angram Road,Long Marston,,York,YO26 7LR,01904738352,1,,,0,Maintained School,Voluntary controlled school,,1,0,0,4,11,Mixed,Mixed,Church of England,Not recorded,,6,0
121576,815,3256,8153256,Markington Church of England Primary & Nursery School,,High Street,Markington,,Harrogate,HG3 3NR,01765677442,1,,,0,Maintained School,Voluntary controlled school,,1,0,0,3,11,Mixed,Mixed,Church of England,Not recorded,,6,0
121578,815,3258,8153258,North Stainley Church of England Primary School,,North Stainley,,,Ripon,HG4 3HT,01765635276,1,,,0,Maintained School,Voluntary controlled school,,1,0,0,4,11,Mixed,Mixed,Church of England,Not recorded,,6,0
121580,815,3261,8153261,Ripley Endowed Church of England School,,Ripley,,,Harrogate,HG3 3AY,01423770160,1,,,0,Maintained School,Voluntary controlled school,,1,0,0,4,11,Mixed,Mixed,Church of England,Not recorded,,6,0
121581,815,3262,8153262,Ripon Cathedral Church of England Primary School,,Priest Lane,,,Ripon,HG4 1LT,01765602355,1,,,0,Maintained School,Voluntary aided school,,1,0,0,4,11,Mixed,Mixed,Church of England,Not recorded,,6,0
121582,815,3263,8153263,Holy Trinity CofE Junior School,,Church Lane,,,Ripon,HG4 2ES,01765602858,1,,,0,Maintained School,Voluntary controlled school,,1,0,0,7,11,Mixed,Mixed,Church of England,Not recorded,,6,0
121583,815,3264,8153264,Roecliffe Church of England Primary School,,Roecliffe,Boroughbridge,,York,YO51 9LY,01423322302,1,,,0,Maintained School,Voluntary controlled school,,1,0,0,3,11,Mixed,Mixed,Church of England,Not recorded,,6,0
121584,815,3266,8153266,Fountains Church of England Primary School,,Grantley,,,Ripon,HG4 3PJ,01765620631,1,,,0,Maintained School,Voluntary controlled school,,1,0,0,4,11,Mixed,Mixed,Church of England,Not recorded,,6,0
121586,815,3268,8153268,Selby Abbey Church of England Voluntary Controlled Primary School,,New Lane,,,Selby,YO8 4QB,01757703817,1,,,0,Maintained School,Voluntary controlled school,,1,0,0,2,11,Mixed,Mixed,Church of England,Not recorded,,6,0
121587,815,3270,8153270,Settle Church of England Voluntary Controlled Primary School,,Bond Lane,,,Settle,BD24 9BW,01729822019,1,,,0,Maintained School,Voluntary controlled school,,1,0,0,3,11,Mixed,Mixed,Church of England,Not recorded,,6,0
121588,815,3271,8153271,Sharow Church of England Primary School,,Berrygate Lane,Sharow,,Ripon,HG4 5BJ,01765604362,1,,,0,Maintained School,Voluntary controlled school,,1,0,0,3,11,Mixed,Mixed,Church of England,Not recorded,,6,0
121589,815,3272,8153272,Skelton Newby Hall Church of England Primary School,,Skelton-on-Ure,,,Ripon,HG4 5AJ,01423322548,1,,,0,Maintained School,Voluntary controlled school,,1,0,0,3,11,Mixed,Mixed,Church of England,Not recorded,,6,0
121590,815,3273,8153273,Christ Church Church of England Voluntary Controlled Primary School,,Craven Street,,,Skipton,BD23 2AP,01756793030,1,,,0,Maintained School,Voluntary controlled school,,1,0,0,4,11,Mixed,Mixed,Church of England,Not recorded,,6,0
121591,815,3274,8153274,Skipton Parish Church Church of England Voluntary Controlled Primary School,,Brougham Street,,,Skipton,BD23 2ES,01756793314,1,,,0,Maintained School,Voluntary controlled school,,1,0,0,5,11,Mixed,Mixed,Church of England,Not recorded,,6,0
121592,815,3275,8153275,Spofforth Church of England Controlled Primary School,,School Lane,Spofforth,,Harrogate,HG3 1BA,01937590655,1,,,0,Maintained School,Voluntary controlled school,,1,0,0,3,11,Mixed,Mixed,Church of England,Not recorded,,6,0
121593,815,3276,8153276,Sutton in Craven Church of England Voluntary Controlled Primary School,,Main Street,Sutton-in-Craven,,Keighley,BD20 7JS,01535632181,1,,,0,Maintained School,Voluntary controlled school,,1,0,0,4,11,Mixed,Mixed,Church of England,Not recorded,,6,0
121594,815,3277,8153277,Threshfield School,,Low Road,Threshfield,,Skipton,BD23 5NP,01756752348,1,,,0,Maintained School,Voluntary controlled school,,1,0,0,4,11,Mixed,Mixed,None,Not recorded,,6,0
121596,815,3282,8153282,Wistow Parochial Church of England Voluntary Controlled Primary School,,Church Hill,,Wistow,Selby,YO8 3UU,01757268378,1,,,0,Maintained School,Voluntary controlled school,,1,0,0,5,11,Mixed,Mixed,Church of England,Not recorded,,6,0
121598,815,3284,8153284,Holy Trinity CofE Infant School,,Trinity Lane,,,Ripon,HG4 2AL,01765603911,1,,,0,Maintained School,Voluntary controlled school,,1,0,0,3,7,Mixed,Mixed,Church of England,Not recorded,,6,0
121599,815,3285,8153285,Gargrave Church of England Voluntary Controlled Primary School,,Neville Road,Gargrave,,Skipton,BD23 3RE,01756749433,1,,,0,Maintained School,Voluntary controlled school,,1,0,0,5,11,Mixed,Mixed,Church of England,Not recorded,,6,0
121600,815,3287,8153287,Kildwick Church of England Voluntary Controlled Primary School,,Priest Bank Road,Kildwick,,Keighley,BD20 9BH,01535633682,1,,,0,Maintained School,Voluntary controlled school,,1,0,0,4,11,Mixed,Mixed,Church of England,Not recorded,,6,0
121602,815,3289,8153289,Askrigg Voluntary Controlled Primary School,,Yorebridge,Askrigg,,Leyburn,DL8 3BJ,01969650331,1,,,0,Maintained School,Voluntary controlled school,,1,0,0,4,11,Mixed,Mixed,None,Not recorded,,6,0
121604,815,3301,8153301,Bolton-on-Swale St Mary's CofE Primary School,,Bolton-on-Swale,Scorton,,Richmond,DL10 6AQ,01748818401,1,,,0,Maintained School,Voluntary aided school,,1,0,0,4,11,Mixed,Mixed,Church of England,Not recorded,,6,0
121606,815,3304,8153304,St Peter's Brafferton Church of England Voluntary Aided Primary School,,Brafferton,Helperby,,York,YO61 2PA,01423360250,1,,,0,Maintained School,Voluntary aided school,,1,0,0,2,11,Mixed,Mixed,Church of England,Not recorded,,6,0
121608,815,3306,8153306,Carlton and Faceby Church of England Voluntary Aided Primary School,,Carlton-in-Cleveland,,,Middlesbrough,TS9 7BB,01642712340,1,,,0,Maintained School,Voluntary aided school,,1,0,0,3,11,Mixed,Mixed,Church of England,Not recorded,,6,0
121609,815,3307,8153307,Michael Syddall Church of England Aided Primary School,,Noels Court,Mowbray Road,Catterick Village,Richmond,DL10 7LB,01748818485,1,,,0,Maintained School,Voluntary aided school,,1,0,0,4,11,Mixed,Mixed,Church of England,Not recorded,,6,0
121610,815,3308,8153308,Egton Church of England Voluntary Aided Primary School,,Egton,,,Whitby,YO21 1UT,01947895369,1,,,0,Maintained School,Voluntary aided school,,1,0,0,4,11,Mixed,Mixed,Church of England,Not recorded,,6,0
121611,815,3315,8153315,Kirkby and Great Broughton Church of England Voluntary Aided Primary School,,Kirkby Lane,Kirkby-in-Cleveland,,Middlesbrough,TS9 7AL,01642712687,1,,,0,Maintained School,Voluntary aided school,,1,0,0,4,11,Mixed,Mixed,Church of England,Not recorded,,6,0
121613,815,3319,8153319,Masham Church of England VA Primary School,,1 Millgate,Market Place,Masham,Ripon,HG4 4EG,01765689200,1,,,0,Maintained School,Voluntary aided school,,1,0,0,4,11,Mixed,Mixed,Church of England,Not recorded,,6,0
121614,815,3320,8153320,Middleham Church of England Aided School,,Park Lane,Middleham,,Leyburn,DL8 4QX,01969623592,1,,,0,Maintained School,Voluntary aided school,,1,0,0,4,11,Mixed,Mixed,Church of England,Not recorded,,6,0
121615,815,3326,8153326,"St Martin's Church of England Voluntary Aided Primary School, Scarborough",,Holbeck Hill,,,Scarborough,YO11 3BW,01723360239,1,,,0,Maintained School,Voluntary aided school,,1,0,0,4,11,Mixed,Mixed,Church of England,Not recorded,,6,0
121616,815,3331,8153331,Terrington Church of England Voluntary Aided Primary School,,North Back Lane,Terrington,,York,YO60 6NS,01653648340,1,,,0,Maintained School,Voluntary aided school,,1,0,0,3,11,Mixed,Mixed,Church of England,Non-selective,,6,0
121619,815,3337,8153337,Burneston Church of England Voluntary Aided Primary School,,Burneston,,Burneston,Bedale,DL8 2HX,01677423183,1,,,0,Maintained School,Voluntary aided school,,1,0,0,5,11,Mixed,Mixed,Church of England,Not recorded,,6,0
121620,815,3350,8153350,Austwick Church of England VA Primary School,,Austwick,,,Lancaster,LA2 8BN,01524251366,1,,,0,Maintained School,Voluntary aided school,,1,0,0,3,11,Mixed,Mixed,Church of England,Not recorded,,6,0
121621,815,3351,8153351,The Boyle and Petyt Primary School,,Beamsley,,,Skipton,BD23 6HE,01756710378,1,,,0,Maintained School,Voluntary aided school,,1,0,0,3,11,Mixed,Mixed,None,Not recorded,,6,0
121622,815,3352,8153352,Burnsall Voluntary Aided Primary School,,Burnsall,,,Skipton,BD23 6BP,01756720273,1,,,0,Maintained School,Voluntary aided school,,1,0,0,4,11,Mixed,Mixed,Christian,Non-selective,,6,0
121624,815,3354,8153354,Carleton Endowed CofE Primary School,,Carleton,,,Skipton,BD23 3DE,01756792910,1,,,0,Maintained School,Voluntary aided school,,1,0,0,4,11,Mixed,Mixed,Church of England,Not recorded,,6,0
121625,815,3355,8153355,Cawood Church of England Voluntary Aided Primary School,,Broad Lane,Cawood,,Selby,YO8 3SQ,01757268368,1,,,0,Maintained School,Voluntary aided school,,1,0,0,3,11,Mixed,Mixed,Church of England,Not recorded,,6,0
121627,815,3357,8153357,Dacre Braithwaite Church of England Primary School,,Braithwaite,Summerbridge,,Harrogate,HG3 4AN,01423780285,1,,,0,Maintained School,Voluntary aided school,,1,0,0,5,11,Mixed,Mixed,Church of England,Not recorded,,6,0
121629,815,3360,8153360,Kirkby in Malhamdale United Voluntary Aided Primary School,,Kirkby Malham,,"Kirkby Malham Primary School, Kirkby Malham",Skipton,BD23 4BY,01729830214,1,,,0,Maintained School,Voluntary aided school,,1,0,0,4,11,Mixed,Mixed,None,Not recorded,,6,0
121631,815,3362,8153362,Long Preston Endowed Voluntary Aided Primary School,,Long Preston,,,Skipton,BD23 4PN,01729840377,1,,,0,Maintained School,Voluntary aided school,,1,0,0,4,11,Mixed,Mixed,Church of England,Not recorded,,6,0
121632,815,3363,8153363,Marton-Cum-Grafton Church of England Voluntary Aided Primary School,Marton-Cum-Grafton Church of England Primary School,Reas Lane,Boroughbridge,,York,YO51 9QB,01423322355,2,,20190930,0,Maintained School,Voluntary aided school,Academy - Converter mainstream,1,0,0,5,11,Mixed,Mixed,Church of England,Not recorded,147095,2,0
121635,815,3369,8153369,Barkston Ash Catholic Primary School,,London Road,Barkston Ash,,Tadcaster,LS24 9PS,01937557373,1,,,0,Maintained School,Voluntary aided school,,1,0,0,4,11,Mixed,Mixed,Roman Catholic,Not recorded,,6,0
121638,815,3372,8153372,St Wilfrid's Catholic Primary School,,Church Lane,,,Ripon,HG4 2ES,01765603232,1,,,0,Maintained School,Voluntary aided school,,1,0,0,3,11,Mixed,Mixed,Roman Catholic,Not recorded,,6,0
121639,815,3373,8153373,St Mary's Catholic Primary School,,Baffam Lane,,,Selby,YO8 9AX,01757706616,1,,,0,Maintained School,Voluntary aided school,,1,0,0,4,11,Mixed,Mixed,Roman Catholic,Not recorded,,6,0
121641,815,3376,8153376,St Joseph's Catholic Primary School,,Station Road,,,Tadcaster,LS24 9JG,01937832344,1,,,0,Maintained School,Voluntary aided school,,1,0,0,4,11,Mixed,Mixed,Roman Catholic,Not recorded,,6,0
121642,815,3377,8153377,"St Robert's Catholic Primary School, Harrogate",,Ainsty Road,,,Harrogate,HG1 4AP,01423504730,1,,,0,Maintained School,Voluntary aided school,,1,0,0,4,11,Mixed,Mixed,Roman Catholic,Not recorded,,6,0
121650,815,3600,8153600,"St Benedict's Roman Catholic Primary School, Ampleforth",St Benedict's Catholic Primary School - a Catholic voluntary academy,Back Lane,Ampleforth,,York,YO62 4DE,01439788340,2,,20190731,0,Maintained School,Voluntary aided school,Academy - Converter mainstream,1,0,0,3,11,Mixed,Mixed,Roman Catholic,Not recorded,147274,2,0
121651,815,3602,8153602,St Hedda's Roman Catholic Primary School,,Egton Bridge,,,Whitby,YO21 1UX,01947895361,1,,,0,Maintained School,Voluntary aided school,,1,0,0,4,11,Mixed,Mixed,Roman Catholic,Not recorded,,6,0
121653,815,3609,8153609,"St Mary's Catholic Primary School, Malton",St Mary's Catholic Primary School - a Catholic voluntary academy,Highfield Road,,,Malton,YO17 7DB,01653692274,2,,20190630,0,Maintained School,Voluntary aided school,Academy - Converter mainstream,1,0,0,4,11,Mixed,Mixed,Roman Catholic,Not recorded,147258,2,0
121654,815,3610,8153610,"St Joseph's Roman Catholic Primary School, Pickering",St Joseph's Catholic Primary School - a Catholic voluntary academy,Swainsea Lane,,,Pickering,YO18 8AR,01751473102,2,,20190630,0,Maintained School,Voluntary aided school,Academy - Converter mainstream,1,0,0,3,11,Mixed,Mixed,Roman Catholic,Not recorded,147243,2,0
121655,815,3614,8153614,"St Mary's Roman Catholic Primary School, Richmond",St Mary's Catholic Primary School - a Catholic voluntary academy,Cross Lanes,,,Richmond,DL10 7DZ,01748822365,2,,20190630,0,Maintained School,Voluntary aided school,Academy - Converter mainstream,1,0,0,4,11,Mixed,Mixed,Roman Catholic,Not recorded,147241,2,0
121656,815,3615,8153615,St Peter's Roman Catholic Primary School,St Peter's Catholic Primary School - a Catholic voluntary academy,North Leas Avenue,,,Scarborough,YO12 6LX,01723372720,2,,20190731,0,Maintained School,Voluntary aided school,Academy - Converter mainstream,1,0,0,4,11,Mixed,Mixed,Roman Catholic,Not recorded,147278,2,0
121657,815,3616,8153616,All Saints Roman Catholic Primary School,"All Saints Catholic Primary School, a Catholic Voluntary Academy",Green Lane East,,,Thirsk,YO7 1NB,01845523058,2,,20190531,0,Maintained School,Voluntary aided school,Academy sponsor led mainstream,1,0,0,3,11,Mixed,Mixed,Roman Catholic,Not recorded,147229,4,0
121658,815,3620,8153620,St Hilda's Roman Catholic Primary School,,Waterstead Lane,,,Whitby,YO21 1PZ,01947603901,1,,,0,Maintained School,Voluntary aided school,,1,0,0,4,11,Mixed,Mixed,Roman Catholic,Not recorded,,6,0
121659,815,3631,8153631,St George's Roman Catholic Primary School,St George's Catholic Primary School - a Catholic voluntary academy,Overdale,Eastfield,,Scarborough,YO11 3RE,01723583535,2,,20190531,0,Maintained School,Voluntary aided school,Academy - Converter mainstream,1,0,0,3,11,Mixed,Mixed,Roman Catholic,Not recorded,147211,2,0
121663,815,4004,8154004,Risedale Sports and Community College,,Hipswell,,,Catterick Garrison,DL9 4BD,01748833501,1,,,0,Maintained School,Community school,,0,1,0,11,16,Mixed,Mixed,Does not apply,Non-selective,,6,0
121664,815,4005,8154005,Easingwold School,Outwood Academy Easingwold,York Road,Easingwold,,York,YO61 3EF,01347821451,2,,20180331,0,Maintained School,Community school,Academy sponsor led mainstream,0,1,1,11,18,Mixed,Mixed,Does not apply,Non-selective,144976,4,0
121665,815,4022,8154022,Ryedale School,,Gale Lane,Nawton,,York,YO62 7SL,01439771665,1,,,0,Maintained School,Community school,,0,1,0,11,16,Mixed,Mixed,Does not apply,Non-selective,,6,0
121666,815,4035,8154035,Thirsk School & Sixth Form College,,Topcliffe Road,Sowerby,,Thirsk,YO7 1RZ,01845522024,1,,,0,Maintained School,Community school,,0,1,1,11,18,Mixed,Mixed,Does not apply,Non-selective,,6,0
121667,815,4039,8154039,Caedmon College Whitby,,Prospect Hill,,,Whitby,YO21 1LA,01947602406,1,,,0,Maintained School,Community school,,0,1,1,11,19,Mixed,Mixed,Does not apply,Non-selective,,6,0
121668,815,4041,8154041,Eskdale School,,Stainsacre Lane,,,Whitby,YO22 4HS,01947602856,1,,,0,Maintained School,Community school,,0,1,0,11,16,Mixed,Mixed,Does not apply,Non-selective,,6,0
121670,815,4052,8154052,Bedale High School,,Fitzalan Road,,,Bedale,DL8 2EQ,01677422419,1,,,0,Maintained School,Community school,,0,1,0,11,16,Mixed,Mixed,Does not apply,Non-selective,,6,0
121671,815,4054,8154054,Lady Lumley's School,,Swainsea Lane,,,Pickering,YO18 8NG,01751472846,1,,,0,Maintained School,Community school,,0,1,1,11,18,Mixed,Mixed,Does not apply,Non-selective,,6,0
121674,815,4069,8154069,George Pindar School,George Pindar School,Moor Lane,Eastfield,,Scarborough,YO11 3LW,01723582194,2,,20190228,0,Maintained School,Foundation school,Academy sponsor led mainstream,0,1,0,11,16,Mixed,Mixed,None,Non-selective,146819,4,0
121675,815,4070,8154070,Graham School,Graham School,Woodlands Drive,,,Scarborough,YO12 6QW,01723366451,2,,20190228,0,Maintained School,Community school,Academy sponsor led mainstream,0,1,0,11,16,Mixed,Mixed,Does not apply,Non-selective,146769,4,0
121678,815,4074,8154074,Northallerton School & Sixth Form College,Northallerton School & Sixth Form College,Grammar School Lane,,,Northallerton,DL6 1DD,01609773340,2,,20190831,0,Maintained School,Voluntary controlled school,Academy sponsor led mainstream,0,1,1,11,18,Mixed,Mixed,Does not apply,Non-selective,146969,4,0
121679,815,4075,8154075,The Wensleydale School & Sixth Form,,Richmond Road,,,Leyburn,DL8 5HY,01969622244,1,,,0,Maintained School,Community school,,0,1,1,11,18,Mixed,Mixed,Does not apply,Non-selective,,6,0
121680,815,4076,8154076,Richmond School,Richmond School,Darlington Road,,,Richmond,DL10 7BQ,01748850111,2,,20171130,0,Maintained School,Community school,Academy - Converter mainstream,0,1,1,11,18,Mixed,Mixed,Does not apply,Non-selective,145090,2,0
121681,815,4077,8154077,Malton School,,Middlecave Road,,,Malton,YO17 7NH,01653692828,1,,,0,Maintained School,Community school,,0,1,1,11,18,Mixed,Mixed,Does not apply,Non-selective,,6,0
121687,815,4202,8154202,King James's School,,King James Road,,,Knaresborough,HG5 8EB,01423866061,1,,,0,Maintained School,Community school,,0,1,1,11,18,Mixed,Mixed,Does not apply,Non-selective,,6,0
121689,815,4205,8154205,Settle College,,Giggleswick,,,Settle,BD24 0AU,01729822451,1,,,0,Maintained School,Community school,,0,1,1,11,18,Mixed,Mixed,Does not apply,Non-selective,,6,0
121690,815,4206,8154206,Upper Wharfedale School,,Wharfeside Avenue,Threshfield,,Skipton,BD23 5BS,01756752215,1,,,0,Maintained School,Community school,,0,1,0,11,16,Mixed,Mixed,Does not apply,Non-selective,,6,0
121693,815,4211,8154211,Tadcaster Grammar School,Tadcaster Grammar School,Toulston,,,Tadcaster,LS24 9NB,01937833466,2,,20180430,0,Maintained School,Community school,Academy - Converter mainstream,0,1,1,11,18,Mixed,Mixed,Does not apply,Non-selective,145777,2,0
121694,815,4215,8154215,Ripon Grammar School,,Clotherholme Road,,,Ripon,HG4 2DG,01765602647,1,,,0,Maintained School,Community school,,0,1,1,11,18,Mixed,Mixed,Does not apply,Selective,,6,0
121695,815,4216,8154216,Sherburn High School,Sherburn High School,Garden Lane,Sherburn-in-Elmet,,Leeds,LS25 6AS,01977682442,2,,20190930,0,Maintained School,Community school,Academy - Converter mainstream,0,1,1,11,18,Mixed,Mixed,Does not apply,Non-selective,145819,2,0
121699,815,4221,8154221,Boroughbridge High School,,Wetherby Road,Boroughbridge,,York,YO51 9JX,01423323540,1,,,0,Maintained School,Community school,,0,1,1,11,18,Mixed,Mixed,Does not apply,Non-selective,,6,0
121700,815,4223,8154223,Nidderdale High School,,Low Wath Road,Pateley Bridge,,Harrogate,HG3 5HL,01423711246,1,,,0,Maintained School,Community school,,0,1,0,11,16,Mixed,Mixed,Does not apply,Non-selective,,6,0
121702,815,4225,8154225,Selby High School Specialist School for the Arts and Science,,Leeds Road,,,Selby,YO8 4HT,01757703327,1,,,0,Maintained School,Community school,,0,1,0,11,16,Mixed,Mixed,Does not apply,Non-selective,,6,0
121714,815,4604,8154604,"St Augustine's Roman Catholic School, Scarborough",St Augustine's Catholic School - a Catholic voluntary academy,Sandybed Lane,Stepney Hill,,Scarborough,YO12 5LH,01723363280,2,,20190531,0,Maintained School,Voluntary aided school,Academy - Converter mainstream,0,1,0,11,16,Mixed,Mixed,Roman Catholic,Non-selective,147212,2,0
121715,815,4605,8154605,St Francis Xavier School,St Francis Xavier School - a Joint Catholic and Church of England Voluntary Academy,Darlington Road,,,Richmond,DL10 7DA,01748823414,2,,20190531,0,Maintained School,Voluntary aided school,Academy - Converter mainstream,0,1,0,11,16,Mixed,Mixed,Roman Catholic/Church of England,Non-selective,147213,2,0
121716,815,4608,8154608,Ermysted's Grammar School,,Gargrave Road,,,Skipton,BD23 1PL,01756792186,1,,,0,Maintained School,Voluntary aided school,,0,1,1,11,18,Boys,Boys,None,Selective,,6,0
121717,815,4609,8154609,St John Fisher Catholic High School,,Hookstone Drive,,,Harrogate,HG2 8PT,01423887254,1,,,0,Maintained School,Voluntary aided school,,0,1,1,11,18,Mixed,Mixed,Roman Catholic,Non-selective,,6,0
121718,815,4610,8154610,"Holy Family Catholic High School, Carlton",,Longhedge Lane,Carlton,,Goole,DN14 9NS,01405860276,1,,,0,Maintained School,Voluntary aided school,,0,1,0,11,16,Mixed,Mixed,Roman Catholic,Non-selective,,6,0
121721,815,5200,8155200,Nun Monkton Primary Foundation School,,The Green,Nun Monkton,,York,YO26 8ER,01423330313,1,,,0,Maintained School,Foundation school,,1,0,0,3,11,Mixed,Mixed,None,Not recorded,,6,0
121725,815,6000,8156000,Queen Mary's School,,Baldersby Park,Topcliffe,,Thirsk,YO7 3BZ,01845575000,1,,,0,Independent School,Other independent school,,1,1,0,3,16,Girls,Girls,Church of England,Non-selective,,6,0
121730,815,6002,8156002,Scarborough College,,Filey Road,,,Scarborough,YO11 3BA,01723360620,1,,,0,Independent School,Other independent school,,1,1,1,3,18,Mixed,Mixed,None,Not recorded,,6,0
121732,815,6003,8156003,Terrington Hall School,,Terrington,,,York,YO60 6PR,01653648227,1,,,0,Independent School,Other independent school,,1,1,0,2,14,Mixed,Mixed,None,Not recorded,,6,0
121733,815,6004,8156004,Fyling Hall School,,Robin Hoods Bay,,,Whitby,YO22 4QD,01947880353,1,,,0,Independent School,Other independent school,,1,1,1,4,18,Mixed,Mixed,None,Non-selective,,6,0
121735,815,6006,8156006,Ampleforth College,,Ampleforth,,,York,YO62 4ER,01439766000,1,,,0,Independent School,Other independent school,,0,1,1,12,19,Mixed,Mixed,Catholic,Not recorded,,6,0
121738,815,6009,8156009,Aysgarth School,,Newton-le-Willows,,,Bedale,DL8 1TF,01677450240,1,,,0,Independent School,Other independent school,,1,1,0,2,14,Mixed,Mixed,None,Non-selective,,6,0
121740,815,6011,8156011,Giggleswick School,,Giggleswick,,,Settle,BD24 0DE,01729893000,1,,,0,Independent School,Other independent school,,1,1,1,2,18,Mixed,Mixed,Church of England,Not recorded,,6,0
121741,815,6012,8156012,Harrogate Ladies' College,,Clarence Drive,,,Harrogate,HG1 2QG,01423504543,1,,,0,Independent School,Other independent school,,1,1,1,2,18,Girls,Girls,None,Not recorded,,6,0
121743,815,6014,8156014,Queen Ethelburga's College,,Thorpe Underwood Hall,Thorpe Underwood Estate,Thorpe Underwood,York,YO26 9SS,01423333300,1,,,0,Independent School,Other independent school,,1,1,1,2,19,Mixed,Mixed,None,Non-selective,,6,0
121746,815,6017,8156017,Belmont Grosvenor School,,Swarcliffe Hall,Birstwith,,Harrogate,HG3 2JG,01423771029,1,,,0,Independent School,Other independent school,,1,0,0,1,11,Mixed,Mixed,None,Non-selective,,6,0
121748,815,6019,8156019,Read School,,Drax,,,Selby,YO8 8NL,01757618248,1,,,0,Independent School,Other independent school,,1,1,1,3,18,Mixed,Mixed,Unknown,Non-selective,,6,0
121749,815,6035,8156035,Queen Margaret's School,,Escrick Park,,,York,YO19 6EU,01904727600,1,,,0,Independent School,Other independent school,,1,1,1,10,18,Girls,Girls,Anglican,Not recorded,,6,0
121751,815,6021,8156021,St Martin's Ampleforth,,Gilling Castle,Gilling East,,York,YO62 4HP,01439766600,1,,,0,Independent School,Other independent school,,1,1,0,3,13,Mixed,Mixed,Roman Catholic,Not recorded,,6,0
121752,815,6022,8156022,Cundall Manor School,,Helperby,,,York,YO61 2RW,01423360200,1,,,0,Independent School,Other independent school,,1,1,0,2,16,Mixed,Mixed,None,Selective,,6,0
121753,815,6023,8156023,Moorland Waldorf School,,Botton Village,Danby,,Whitby,YO21 2NJ,01287661206,1,,,0,Independent School,Other independent school,,1,0,0,2,11,Mixed,Mixed,None,Non-selective,,6,0
121757,815,6027,8156027,Brackenfield School,,128 Duchy Road,,,Harrogate,HG1 2HE,01423508558,1,,,0,Independent School,Other independent school,,1,0,0,2,11,Mixed,Mixed,None,Non-selective,,6,0
121758,815,6028,8156028,Ashville College,,Green Lane,,,Harrogate,HG2 9JP,01423566358,1,,,0,Independent School,Other independent school,,1,1,1,2,19,Mixed,Mixed,None,Not recorded,,6,0
121763,815,6032,8156032,Wharfedale Montessori School,,Bolton Abbey,,,Skipton,BD23 6AN,01756710452,1,,,0,Independent School,Other independent school,,1,0,0,2,11,Mixed,Mixed,None,Non-selective,,6,0
121764,815,7000,8157000,Brompton Hall School,,High Street,Brompton-by-Sawdon,,Scarborough,YO13 9DB,01723859121,1,,,0,Special School,Community special school,,1,1,0,8,16,Boys,Boys,Does not apply,Not recorded,,6,0
121765,815,7002,8157002,Breckenbrough School,,Sandhutton,,,Thirsk,YO7 4EN,01845587238,1,,,0,Special School,Non-maintained special school,,1,1,1,9,19,Boys,Boys,Does not apply,Not recorded,,6,0
121766,815,7004,8157004,Welburn Hall School,,Kirkbymoorside,,,York,YO62 7HQ,01751431218,1,,,0,Special School,Community special school,,1,1,1,8,19,Mixed,Mixed,Does not apply,Not recorded,,6,0
121771,815,7015,8157015,The Dales School,,Morton-on-Swale,,,Northallerton,DL7 9QW,01609772932,1,,,0,Special School,Community special school,,1,1,1,2,19,Mixed,Mixed,Does not apply,Not recorded,,6,0
121772,815,7017,8157017,Springhead School,,Barry's Lane,,,Scarborough,YO12 4HA,01723367829,1,,,0,Special School,Community special school,,1,1,1,2,19,Mixed,Mixed,Does not apply,Not recorded,,6,0
121775,815,7022,8157022,The Forest School,,Park Lane,,,Knaresborough,HG5 0DQ,01423864583,1,,,0,Special School,Community special school,,1,1,0,2,16,Mixed,Mixed,Does not apply,Not recorded,,6,0
121776,815,7024,8157024,Springwater School,,High Street,Starbeck,,Harrogate,HG2 7LW,01423883214,1,,,0,Special School,Community special school,,1,1,1,2,19,Mixed,Mixed,Does not apply,Not recorded,,6,0
121778,815,7027,8157027,Brooklands School,,Burnside Avenue,,,Skipton,BD23 2DB,01756794028,1,,,0,Special School,Community special school,,1,1,1,2,19,Mixed,Mixed,Does not apply,Not recorded,,6,0
121779,815,7029,8157029,Mowbray School,,Masham Road,,,Bedale,DL8 2SD,01677422446,1,,,0,Special School,Community special school,,1,1,0,2,16,Mixed,Mixed,Does not apply,Not recorded,,6,0
121780,815,7030,8157030,Forest Moor School,,Menwith Hill Road,,Darley,Harrogate,HG3 2RA,01423779232,1,,,0,Special School,Community special school,,1,1,0,9,16,Mixed,Mixed,Does not apply,Not recorded,,6,0
130591,815,8005,8158005,Craven College,,Gargrave Road,,,Skipton,BD23 1US,01756791411,1,,,0,College,General further education college,,0,0,1,16,99,Mixed,Mixed,Does not apply,Not recorded,,6,0
130592,815,8010,8158010,Selby College,,Abbot's Road,,,Selby,YO8 8AT,01757211000,1,,,0,College,General further education college,,0,0,1,16,99,Mixed,Mixed,Does not apply,Not recorded,,6,0
130593,815,8600,8158600,Scarborough Sixth Form College,,Sandybed Lane,,,Scarborough,YO12 5LF,01723365032,1,,,0,College,Sixth form college,,0,0,1,16,99,Mixed,Mixed,Does not apply,Not recorded,,6,0
131124,815,6037,8156037,The Faculty of Queen Ethelburga's,,Thorpe Underwood Estate,,Thorpe Underwood,York,YO26 9SS,01423333300,1,,,0,Independent School,Other independent school,,0,1,1,14,19,Mixed,Mixed,None,Not recorded,,6,0
132728,815,3902,8153902,Sacred Heart RC Primary School,Sacred Heart Catholic Primary School - a Catholic voluntary academy,Broomfield Avenue,,,Northallerton,DL7 8UL,01609780971,2,,20190731,0,Maintained School,Voluntary aided school,Academy - Converter mainstream,1,0,0,4,11,Mixed,Mixed,Roman Catholic,Not recorded,147276,2,0
132913,815,4900,8154900,St Aidans and St John Fisher Associated Sixth Form,,,,,,,,1,,,0,College,Sixth form centre/consortia,,0,0,1,16,19,Mixed,Mixed,Unknown,Not recorded,,6,0
133106,815,3903,8153903,Knaresborough St John's CofE Primary School,Knaresborough St John's Church of England Primary School,Stockwell Road,,,Knaresborough,HG5 0JN,01423863265,2,,20190930,0,Maintained School,Voluntary controlled school,Academy - Converter mainstream,1,0,0,4,11,Mixed,Mixed,Church of England,Not recorded,147097,2,0
134660,815,6036,8156036,Cambian Scarborough School,,"Unit 11, Plaxton Park",Cayton Low Road,Eastfield,Scarborough,YO11 3BQ,01723582073,1,,,0,Special School,Other independent special school,,1,1,1,8,18,Mixed,Mixed,None,Not recorded,,6,0
136497,815,4200,8154200,Harrogate Grammar School,,Arthurs Avenue,,,Harrogate,HG2 0DZ,01423531127,1,,,0,Academy,Academy - Converter mainstream,,0,1,1,11,18,Mixed,Mixed,Does not apply,Non-selective,,6,0
136664,815,4518,8154518,Skipton Girls' High School,,Gargrave Road,,,Skipton,BD23 1QL,01756707600,1,,,0,Academy,Academy - Converter mainstream,,0,1,1,11,18,Girls,Girls,None,Selective,,6,0
136728,815,4152,8154152,Norton College,,Langton Road,Norton,,Malton,YO17 9PT,01653693296,1,,,0,Academy,Academy - Converter mainstream,,0,1,1,11,18,Mixed,Mixed,Does not apply,Non-selective,,6,0
136736,815,4210,8154210,South Craven School,,Holme Lane,Cross Hills,,Keighley,BD20 7RL,01535632861,1,,,0,Academy,Academy - Converter mainstream,,0,1,1,11,18,Mixed,Mixed,None,Non-selective,,6,0
136896,815,4217,8154217,Rossett School,,Green Lane,,,Harrogate,HG2 9JP,01423564444,1,,,0,Academy,Academy - Converter mainstream,,0,1,1,11,18,Mixed,Mixed,Does not apply,Non-selective,,6,0
137139,815,4611,8154611,St Aidan's Church of England High School,,Oatlands Drive,,,Harrogate,HG2 8JR,01423885814,1,,,0,Academy,Academy - Converter mainstream,,0,1,1,11,18,Mixed,Mixed,Church of England,Non-selective,,6,0
137348,815,2047,8152047,Great Smeaton Academy Primary School,,Great Smeaton,,,Northallerton,DL6 2EQ,01609881349,1,,,0,Academy,Academy - Converter mainstream,,1,0,0,4,11,Mixed,Mixed,Does not apply,Not recorded,,6,0
137412,815,4203,8154203,Outwood Academy Ripon,,Clotherholme Road,,,Ripon,HG4 2DE,01765604564,1,,,0,Academy,Academy - Converter mainstream,,0,1,1,11,18,Mixed,Mixed,Does not apply,Non-selective,,6,0
138190,815,4219,8154219,Harrogate High School,,Ainsty Road,,,Harrogate,HG1 4AP,01423548800,1,,,0,Academy,Academy - Converter mainstream,,0,1,1,11,18,Mixed,Mixed,Does not apply,Non-selective,,6,0
139482,815,7009,8157009,The Woodlands Academy,,Woodlands Drive,,,Scarborough,YO12 6QN,01723373260,1,,,0,Special School,Academy - Converter special school,,1,1,0,2,16,Mixed,Mixed,Does not apply,Not recorded,,6,0
140018,815,2000,8152000,Thomas Hinderwell Primary Academy,,Seamer Road,,,Scarborough,YO12 4HF,01723373110,1,,,0,Academy,Academy sponsor led mainstream,,1,0,0,3,11,Mixed,Mixed,Does not apply,Not recorded,,6,0
141179,815,4000,8154000,The Skipton Academy,,Gargrave Road,,,Skipton,BD23 1UQ,01756792965,1,,,0,Academy,Academy sponsor led mainstream,,0,1,0,11,16,Mixed,Mixed,Does not apply,Non-selective,,6,0
141393,815,2001,8152001,Brotherton and Byram Community Primary Academy,,Low Street,Brotherton,,Knottingley,WF11 9HQ,01977672676,1,,,0,Academy,Academy sponsor led mainstream,,1,0,0,3,11,Mixed,Mixed,Does not apply,Not recorded,,6,0
141463,815,2426,8152426,Roseberry Academy,,Roseberry Crescent,Great Ayton,,Middlesbrough,TS9 6EP,01642722883,1,,,0,Academy,Academy - Converter mainstream,,1,0,0,4,11,Mixed,Mixed,Does not apply,Not recorded,,6,0
141722,815,3368,8153368,Richard Taylor Church of England Primary School,,Bilton Lane,,,Harrogate,HG1 3DT,01423563078,1,,,0,Academy,Academy - Converter mainstream,,1,0,0,4,11,Mixed,Mixed,Church of England,Not recorded,,6,0
141880,815,2002,8152002,Staynor Hall Primary Academy,,Staynor Link,,,Selby,YO8 8GE,01757681334,1,,,0,Academy,Academy sponsor led mainstream,,1,0,0,2,11,Mixed,Mixed,Does not apply,Not recorded,,6,0
141930,815,4047,8154047,Stokesley School,,Station Road,,,Stokesley,TS9 5AL,01642710050,1,,,0,Academy,Academy - Converter mainstream,,0,1,1,11,18,Mixed,Mixed,Does not apply,Non-selective,,6,0
142023,815,2003,8152003,"St Stephen's Catholic Primary School and Nursery, A Voluntary Academy",,Gargrave Road,,,Skipton,BD23 1PJ,01756709451,1,,,0,Academy,Academy sponsor led mainstream,,1,0,0,3,11,Mixed,Mixed,Roman Catholic,Not recorded,,6,0
142061,815,4001,8154001,EBOR Academy Filey,,Muston Road,,,Filey,YO14 0HG,01723512354,1,,,0,Academy,Academy sponsor led mainstream,,0,1,0,11,16,Mixed,Mixed,Does not apply,Not recorded,,6,0
142138,815,3361,8153361,All Saints Church of England School,,Main Street,Kirkby Overblow,,Harrogate,HG3 1HD,01423872491,1,,,0,Academy,Academy - Converter mainstream,,1,0,0,4,11,Mixed,Mixed,Church of England,Not recorded,,6,0
142148,815,3247,8153247,St Peter's Church of England Primary School,,Belford Road,,,Harrogate,HG1 1JA,01423569684,1,,,0,Academy,Academy - Converter mainstream,,1,0,0,4,11,Mixed,Mixed,Church of England,Not recorded,,6,0
142159,815,3378,8153378,"St Joseph's Catholic Primary School, Harrogate, A Voluntary Academy",,Coppice Rise,,,Harrogate,HG1 2DP,01423562650,1,,,0,Academy,Academy - Converter mainstream,,1,0,0,4,11,Mixed,Mixed,Roman Catholic,Not recorded,,6,0
142176,815,3371,8153371,"St Mary's Primary School Knaresborough, A Voluntary Catholic Academy",,Tentergate Road,,,Knaresborough,HG5 9BG,01423864631,1,,,0,Academy,Academy - Converter mainstream,,1,0,0,4,11,Mixed,Mixed,Roman Catholic,Not recorded,,6,0
142189,815,2302,8152302,Askwith Community Primary School,,Askwith,,,Otley,LS21 2HX,01943462896,1,,,0,Academy,Academy - Converter mainstream,,1,0,0,3,11,Mixed,Mixed,Does not apply,Not recorded,,6,0
142198,815,2328,8152328,"Harrogate, Bilton Grange Community Primary School",,Bilton Lane,,,Harrogate,HG1 3BA,01423502375,1,,,0,Academy,Academy - Converter mainstream,,1,0,0,4,11,Mixed,Mixed,Does not apply,Not recorded,,6,0
142201,815,2346,8152346,Lothersdale Primary School,,Lothersdale,,,Keighley,BD20 8HB,01535632510,1,,,0,Academy,Academy - Converter mainstream,,1,0,0,4,11,Mixed,Mixed,Does not apply,Not recorded,,6,0
142204,815,2376,8152376,Oatlands Community Junior School,,Beechwood Grove,,,Harrogate,HG2 8QP,01423872827,1,,,0,Academy,Academy - Converter mainstream,,1,0,0,7,11,Mixed,Mixed,Does not apply,Not recorded,,6,0
142220,815,2333,8152333,Western Primary School,,Cold Bath Road,,,Harrogate,HG2 0NA,01423502737,1,,,0,Academy,Academy - Converter mainstream,,1,0,0,2,11,Mixed,Mixed,Does not apply,Not recorded,,6,0
142497,815,2330,8152330,New Park Primary Academy,,Skipton Road,,,Harrogate,HG1 3HF,01423503011,1,,,0,Academy,Academy - Converter mainstream,,1,0,0,3,11,Mixed,Mixed,Does not apply,Not recorded,,6,0
142592,815,2331,8152331,Oatlands Infant School,,Hookstone Road,,,Harrogate,HG2 8BT,01423871036,1,,,0,Academy,Academy - Converter mainstream,,1,0,0,4,7,Mixed,Mixed,Does not apply,Not recorded,,6,0
142593,815,2372,8152372,Pannal Primary School,,Pannal Green,Pannal,,Harrogate,HG3 1LH,01423872407,1,,,0,Academy,Academy - Converter mainstream,,1,0,0,4,11,Mixed,Mixed,Does not apply,Not recorded,,6,0
142851,815,3260,8153260,North Rigton Church of England Primary School,,Hall Green Lane,North Rigton,,Leeds,LS17 0DW,01423734540,1,,,0,Academy,Academy - Converter mainstream,,1,0,0,4,11,Mixed,Mixed,Church of England,Not recorded,,6,0
142884,815,4002,8154002,Scarborough University Technical College,,Ashburn Rise,,,Scarborough,YO11 2JW,01723821621,1,,,0,Academy,University technical college,,0,1,1,14,18,Mixed,Mixed,Does not apply,,,6,0
142911,815,6034,8156034,Cambian Spring Hill,,Palace Road,,,Ripon,HG4 3HN,01765603320,1,,,0,Special School,Other independent special school,,1,1,1,8,19,Mixed,Mixed,None,,,6,0
143138,815,4003,8154003,Brayton Academy,,Doncaster Road,,,Selby,YO8 9QS,01757707731,1,,,0,Academy,Academy sponsor led mainstream,,0,1,0,11,16,Mixed,Mixed,Does not apply,Non-selective,,6,0
143139,815,2004,8152004,Camblesforth Community Primary Academy,,Mill Lane,Camblesforth,,Selby,YO8 8HW,01757618249,1,,,0,Academy,Academy sponsor led mainstream,,1,0,0,3,11,Mixed,Mixed,Does not apply,Not recorded,,6,0
143287,815,2368,8152368,Hookstone Chase Primary School,,Hookstone Chase,,,Harrogate,HG2 7DJ,01423886026,1,,,0,Academy,Academy - Converter mainstream,,1,0,0,5,11,Mixed,Mixed,Does not apply,Not recorded,,6,0
143288,815,4073,8154073,Scalby School,,Fieldstead Crescent,Newby,,Scarborough,YO12 6TH,01723362301,1,,,0,Academy,Academy - Converter mainstream,,0,1,0,11,16,Mixed,Mixed,Does not apply,Non-selective,,6,0
143289,815,3288,8153288,Forest of Galtres Anglican/Methodist Primary School,,Station Lane,Shipton-by-Beningbrough,,York,YO30 1AG,01904470272,1,,,0,Academy,Academy - Converter mainstream,,1,0,0,2,11,Mixed,Mixed,Church of England/Methodist,Not recorded,,6,0
143290,815,2154,8152154,East Whitby Primary Academy,,Stainsacre Lane,,,Whitby,YO22 4HU,01947602202,1,,,0,Academy,Academy - Converter mainstream,,1,0,0,2,11,Mixed,Mixed,Does not apply,Not recorded,,6,0
143466,815,3245,8153245,Hampsthwaite Church of England Primary School,,Church Lane,Hampsthwaite,,Harrogate,HG3 2EZ,01423771336,1,,,0,Academy,Academy - Converter mainstream,,1,0,0,3,11,Mixed,Mixed,Church of England,Not recorded,,6,0
143523,815,2005,8152005,Hawes Primary School,,Town Head,,,Hawes,DL8 3RQ,01969667308,1,,,0,Academy,Academy sponsor led mainstream,,1,0,0,3,11,Mixed,Mixed,Does not apply,Not recorded,,6,0
143612,815,2139,8152139,Stokesley Primary Academy,,5 Springfield,Stokesley,,Middlesbrough,TS9 5EW,01642711071,1,,,0,Academy,Academy - Converter mainstream,,1,0,0,3,11,Mixed,Mixed,Does not apply,Not recorded,,6,0
143613,815,2382,8152382,Rossett Acre Primary School,,Pannal Ash Road,,,Harrogate,HG2 9PH,01423561579,1,,,0,Academy,Academy - Converter mainstream,,1,0,0,4,11,Mixed,Mixed,Does not apply,Not recorded,,6,0
144155,815,3133,8153133,Barton Church of England Primary School,,Silver Street,,,Richmond,DL10 6LJ,01325377246,1,,,0,Academy,Academy - Converter mainstream,,1,0,0,3,11,Mixed,Mixed,Church of England,Not recorded,,6,0
144156,815,3022,8153022,Croft Church of England Primary School,,South Parade,Croft-on-Tees,,Darlington,DL2 2SP,01325720528,1,,,0,Academy,Academy - Converter mainstream,,1,0,0,3,11,Mixed,Mixed,Church of England,Not recorded,,6,0
144157,815,3030,8153030,East Cowton Church of England Primary School,,East Cowton,,,Northallerton,DL7 0BD,01325378347,1,,,0,Academy,Academy - Converter mainstream,,1,0,0,3,11,Mixed,Mixed,Church of England,Not recorded,,6,0
144159,815,2065,8152065,Leyburn Primary School,,Wensleydale Avenue,,,Leyburn,DL8 5SD,01969623187,1,,,0,Academy,Academy - Converter mainstream,,1,0,0,3,11,Mixed,Mixed,Does not apply,Not recorded,,6,0
144161,815,3090,8153090,Ravensworth Church of England Primary School,,Ravensworth,,,Richmond,DL11 7ET,01325718375,1,,,0,Academy,Academy - Converter mainstream,,1,0,0,4,11,Mixed,Mixed,Church of England,Not recorded,,6,0
144162,815,3291,8153291,South Otterington Church of England Primary School,,South Otterington,,South Otterington C of E Primary School,Northallerton,DL7 9HD,01609776273,1,,,0,Academy,Academy - Converter mainstream,,1,0,0,2,11,Mixed,Mixed,Church of England,Not recorded,,6,0
144163,815,2377,8152377,Aspin Park Academy,,Wetherby Road,,,Knaresborough,HG5 8LQ,01423863920,1,,,0,Academy,Academy - Converter mainstream,,1,0,0,5,11,Mixed,Mixed,Does not apply,Not recorded,,6,0
144164,815,3034,8153034,Trinity Academy Eppleby Forcett,,Eppleby,,,Richmond,DL11 7AY,01325718298,1,,,0,Academy,Academy - Converter mainstream,,1,0,0,2,11,Mixed,Mixed,Church of England,Not recorded,,6,0
144165,815,3000,8153000,Ainderby Steeple Church of England Primary School,Ainderby Steeple Church of England Primary School,Station Lane,Morton-on-Swale,,Northallerton,DL7 9QR,01609773519,1,20190101,,1,Academy,Academy - Converter mainstream,Voluntary controlled school,1,0,0,4,11,Mixed,Mixed,Church of England,Not recorded,121471,1,0
144166,815,3065,8153065,Kirkby Fleetham Church of England Primary School,,Forge Lane,Kirkby Fleetham,,Northallerton,DL7 0SA,01609748431,1,,,0,Academy,Academy - Converter mainstream,,1,0,0,3,11,Mixed,Mixed,Church of England,Not recorded,,6,0
144167,815,3079,8153079,Trinity Academy Middleton Tyas,,Kneeton Lane,Middleton Tyas,,Richmond,DL10 6SF,01325377285,1,,,0,Academy,Academy - Converter mainstream,,1,0,0,2,11,Mixed,Mixed,Church of England,Not recorded,,6,0
144168,815,2389,8152389,Meadowside Academy,,Halfpenny Lane,,,Knaresborough,HG5 0SL,01423866207,1,,,0,Academy,Academy - Converter mainstream,,1,0,0,4,11,Mixed,Mixed,Does not apply,Not recorded,,6,0
144274,815,3154,8153154,Filey Church of England Nursery and Infants Academy,,Padbury Avenue,,,Filey,YO14 0BA,01723513077,1,,,0,Academy,Academy - Converter mainstream,,1,0,0,3,7,Mixed,Mixed,Church of England,Not recorded,,6,0
144429,815,3068,8153068,Knayton Church of England Academy,,Stockton Road,Knayton,,Thirsk,YO7 4AN,01845537291,1,,,0,Academy,Academy - Converter mainstream,,1,0,0,4,11,Mixed,Mixed,Church of England,Not recorded,,6,0
144647,815,2007,8152007,Trinity Academy Richmond,,Frances Road,,,Richmond,DL10 4NF,01748822104,1,,,0,Academy,Academy sponsor led mainstream,,1,0,0,3,11,Mixed,Mixed,Church of England,Not recorded,,6,0
144678,815,2041,8152041,Glaisdale Primary School,,Glaisdale,,,Whitby,YO21 2PZ,01947897218,1,,,0,Academy,Academy - Converter mainstream,,1,0,0,4,11,Mixed,Mixed,Does not apply,Not recorded,,6,0
144679,815,2190,8152190,Airy Hill Primary School,,Waterstead Lane,,,Whitby,YO21 1PZ,01947602688,1,,,0,Academy,Academy - Converter mainstream,,1,0,0,2,11,Mixed,Mixed,Does not apply,Not recorded,,6,0
144680,815,2256,8152256,Castleton Primary School,,38 High Street,Castleton,,Whitby,YO21 2DA,01287660496,1,,,0,Academy,Academy - Converter mainstream,,1,0,0,5,11,Mixed,Mixed,Does not apply,Not recorded,,6,0
144681,815,2197,8152197,West Cliff Primary School,,Church Square,,,Whitby,YO21 3EG,01947602510,1,,,0,Academy,Academy - Converter mainstream,,1,0,0,2,11,Mixed,Mixed,Does not apply,Not recorded,,6,0
144682,815,2042,8152042,Lealholm Primary School,,Lealholm,,,Whitby,YO21 2AQ,01947897401,1,,,0,Academy,Academy - Converter mainstream,,1,0,0,5,11,Mixed,Mixed,Does not apply,Not recorded,,6,0
144840,815,3120,8153120,Topcliffe CofE Academy,,School Lane,Topcliffe,,Thirsk,YO7 3RG,01845577412,1,,,0,Academy,Academy - Converter mainstream,,1,0,0,2,11,Mixed,Mixed,Church of England,Not recorded,,6,0
144929,815,4232,8154232,Barlby High School,,York Road,Barlby,,Selby,YO8 5JP,01757706161,1,,,0,Academy,Academy - Converter mainstream,,0,1,0,11,16,Mixed,Mixed,Does not apply,Non-selective,,6,0
144930,815,3278,8153278,Tockwith Church of England Primary Academy,,Southfield Lane,Tockwith,,York,YO26 7RP,01423358375,1,,,0,Academy,Academy - Converter mainstream,,1,0,0,4,11,Mixed,Mixed,Church of England,Not recorded,,6,0
144931,815,2351,8152351,Selby Community Primary School,,Flaxley Road,,,Selby,YO8 4DL,01757702464,1,,,0,Academy,Academy - Converter mainstream,,1,0,0,2,11,Mixed,Mixed,Does not apply,Not recorded,,6,0
144976,815,4006,8154006,Outwood Academy Easingwold,Easingwold School,York Road,Easingwold,,York,YO61 3EF,01347821451,1,20180401,,1,Academy,Academy sponsor led mainstream,Community school,0,1,1,11,18,Mixed,Mixed,Does not apply,Non-selective,121664,3,0
145026,815,2383,8152383,Coppice Valley Primary School,,Knapping Hill,,,Harrogate,HG1 2DN,01423563760,1,,,0,Academy,Academy - Converter mainstream,,1,0,0,4,11,Mixed,Mixed,Does not apply,Not recorded,,6,0
145090,815,4076,8154076,Richmond School,Richmond School,Darlington Road,,,Richmond,DL10 7BQ,01748850111,1,20171201,,1,Academy,Academy - Converter mainstream,Community school,0,1,1,11,18,Mixed,Mixed,Does not apply,Non-selective,121680,1,0
145241,815,6044,8156044,Fenton Grange School,,C/O Cambian Education,4th Floor Waterfront,Chancellors Road,London,W6 9RU,02087356150,1,20180803,,1,Special School,Other independent special school,,0,1,1,11,18,Mixed,Mixed,None,Not recorded,,7,0
145369,815,2183,8152183,Sowerby Primary Academy,,Topcliffe Road,Sowerby,Sowerby Primary Academy,Thirsk,YO7 1RX,01845523037,1,,,0,Academy,Academy - Converter mainstream,,1,0,0,4,11,Mixed,Mixed,Does not apply,Not recorded,,6,0
145370,815,2252,8152252,Carlton Miniott Primary Academy,,Carlton Miniott.,,,Thirsk,YO7 4NJ,01845522088,1,,,0,Academy,Academy - Converter mainstream,,1,0,0,4,11,Mixed,Mixed,Does not apply,Not recorded,,6,0
145411,815,2008,8152008,Outwood Primary Academy Greystone,,Quarry Moor Lane,,,Ripon,HG4 1RW,01765603481,1,,,0,Academy,Academy sponsor led mainstream,,1,0,0,3,11,Mixed,Mixed,Does not apply,Not recorded,,6,0
145632,815,3009,8153009,Baldersby St James Church of England Primary School,,Baldersby St James,,,Thirsk,YO7 4PT,01765640277,1,,,0,Academy,Academy - Converter mainstream,,1,0,0,4,11,Mixed,Mixed,Church of England,Not recorded,,6,0
145633,815,2076,8152076,Newby and Scalby Primary School,,The Green,Newby,,Scarborough,YO12 5JA,01723365686,1,,,0,Academy,Academy - Converter mainstream,,1,0,0,4,11,Mixed,Mixed,Does not apply,Not recorded,,6,0
145777,815,4211,8154211,Tadcaster Grammar School,Tadcaster Grammar School,Toulston,,,Tadcaster,LS24 9NB,01937833466,1,20180501,,1,Academy,Academy - Converter mainstream,Community school,0,1,1,11,18,Mixed,Mixed,Does not apply,Non-selective,121693,1,0
145778,815,3257,8153257,Monk Fryston Church of England Primary School,,Chestnut Green,Monk Fryston,,Leeds,LS25 5PN,01977682388,1,,,0,Academy,Academy - Converter mainstream,,1,0,0,4,11,Mixed,Mixed,Church of England,Not recorded,,6,0
145819,815,4216,8154216,Sherburn High School,Sherburn High School,Garden Lane,Sherburn-in-Elmet,,Leeds,LS25 6AS,01977682442,1,20191001,,1,Academy,Academy - Converter mainstream,Community school,0,1,1,11,18,Mixed,Mixed,Does not apply,Non-selective,121695,1,0
145820,815,2357,8152357,South Milford Primary School,,Sand Lane,South Milford,,Leeds,LS25 5AU,01977682359,1,,,0,Academy,Academy - Converter mainstream,,1,0,0,5,11,Mixed,Mixed,Does not apply,Not recorded,,6,0
145821,815,2380,8152380,Sherburn Hungate Primary School,,North Crescent,Sherburn-in-Elmet,,Leeds,LS25 6DD,01977682434,1,,,0,Academy,Academy - Converter mainstream,,1,0,0,3,11,Mixed,Mixed,Does not apply,Not recorded,,6,0
145822,815,2427,8152427,"Riverside School, Tadcaster",,Wetherby Road,,,Tadcaster,LS24 9JN,01937832899,1,,,0,Academy,Academy - Converter mainstream,,1,0,0,3,11,Mixed,Mixed,Does not apply,Not recorded,,6,0
145846,815,2009,8152009,Saxton Church of England Primary School,,Dam Lane,Saxton,,Tadcaster,LS24 9QF,01937557396,1,,,0,Academy,Academy sponsor led mainstream,,1,0,0,4,11,Mixed,Mixed,Church of England,Not recorded,,6,0
146005,815,2301,8152301,Appleton Roebuck Primary School,,Main Street,Appleton Roebuck,,York,YO23 7DN,01904501906,1,,,0,Academy,Academy - Converter mainstream,,1,0,0,4,11,Mixed,Mixed,Does not apply,Not recorded,,6,0
146006,815,2422,8152422,Kellington Primary School,,Roall Lane,Kellington,,Goole,DN14 0NY,01977661127,1,,,0,Academy,Academy - Converter mainstream,,1,0,0,3,11,Mixed,Mixed,Does not apply,Not recorded,,6,0
146007,815,3251,8153251,Kirk Fenton Church of England Primary School,,Main Street,Church Fenton,,Tadcaster,LS24 9RF,01937557228,1,,,0,Academy,Academy - Converter mainstream,,1,0,0,3,11,Mixed,Mixed,Church of England,Not recorded,,6,0
146112,815,2217,8152217,Stakesby Primary Academy,,Byland Road,,,Whitby,YO21 1HY,01947820231,1,,,0,Academy,Academy - Converter mainstream,,1,0,0,2,11,Mixed,Mixed,Does not apply,Not recorded,,6,0
146152,815,2392,8152392,Tadcaster Primary Academy,,Grange Avenue,,,Tadcaster,LS24 8AN,01937833795,1,,,0,Academy,Academy - Converter mainstream,,1,0,0,3,11,Mixed,Mixed,Does not apply,Not recorded,,6,0
146312,815,2010,8152010,Braeburn Primary and Nursery Academy,"Scarborough, Braeburn Primary and Nursery School",Braeburn,Eastfield,,Scarborough,YO11 3LG,01723582616,1,20181001,,1,Academy,Academy sponsor led mainstream,Community school,1,0,0,3,11,Mixed,Mixed,Does not apply,Not recorded,121316,3,0
146769,815,4007,8154007,Graham School,Graham School,Woodlands Drive,,,Scarborough,YO12 6QW,01723366451,1,20190301,,1,Academy,Academy sponsor led mainstream,Community school,0,1,0,11,16,Mixed,Mixed,Does not apply,Non-selective,121675,3,0
146819,815,4008,8154008,George Pindar School,George Pindar School,Moor Lane,Eastfield,,Scarborough,YO11 3LW,01723582194,1,20190301,,1,Academy,Academy sponsor led mainstream,Foundation school,0,1,0,11,16,Mixed,Mixed,None,,121674,3,0
146967,815,2011,8152011,Starbeck Primary Academy,Starbeck Community Primary School,High Street,Starbeck,,Harrogate,HG2 7LL,01423884780,1,20190901,,1,Academy,Academy sponsor led mainstream,Community school,1,0,0,3,11,Mixed,Mixed,Does not apply,Not recorded,121398,3,0
146969,815,4009,8154009,Northallerton School & Sixth Form College,Northallerton School & Sixth Form College,Grammar School Lane,,,Northallerton,DL6 1DD,01609773340,1,20190901,,1,Academy,Academy sponsor led mainstream,Voluntary controlled school,0,1,1,11,18,Mixed,Mixed,Does not apply,Non-selective,121678,3,0
147095,815,3363,8153363,Marton-Cum-Grafton Church of England Primary School,Marton-Cum-Grafton Church of England Voluntary Aided Primary School,Reas Lane,Boroughbridge,,York,YO51 9QB,01423322355,1,20191001,,1,Academy,Academy - Converter mainstream,Voluntary aided school,1,0,0,5,11,Mixed,Mixed,Church of England,Not recorded,121632,1,0
147097,815,3903,8153903,Knaresborough St John's Church of England Primary School,Knaresborough St John's CofE Primary School,Stockwell Road,,,Knaresborough,HG5 0JN,01423863265,1,20191001,,1,Academy,Academy - Converter mainstream,Voluntary controlled school,1,0,0,4,11,Mixed,Mixed,Church of England,Not recorded,133106,1,0
147161,815,6046,8156046,Malton Montessori School,,Uplands House,Castle Howard Road,Ryedale,Malton,YO17 6NJ,01653696232,1,20190620,,1,Independent School,Other independent school,,1,0,0,5,11,Mixed,Mixed,Unknown,,,7,0
147192,815,2012,8152012,Keeble Gateway Academy,,Inspiration Way,,Sowerby,Thirsk,YO7 1TS,01845448227,1,20190902,,1,Academy,Free school - Mainstream,,1,0,0,3,11,Mixed,Mixed,Unknown,Non-selective,,7,0
147211,815,3631,8153631,St George's Catholic Primary School - a Catholic voluntary academy,St George's Roman Catholic Primary School,Overdale,Eastfield,,Scarborough,YO11 3RE,01723583535,1,20190601,,1,Academy,Academy - Converter mainstream,Voluntary aided school,1,0,0,3,11,Mixed,Mixed,Roman Catholic,Not recorded,121659,1,0
147212,815,4604,8154604,St Augustine's Catholic School - a Catholic voluntary academy,"St Augustine's Roman Catholic School, Scarborough",Sandybed Lane,Stepney Hill,,Scarborough,YO12 5LH,01723363280,1,20190601,,1,Academy,Academy - Converter mainstream,Voluntary aided school,0,1,0,11,16,Mixed,Mixed,Roman Catholic,Non-selective,121714,1,0
147213,815,4605,8154605,St Francis Xavier School - a Joint Catholic and Church of England Voluntary Academy,St Francis Xavier School,Darlington Road,,,Richmond,DL10 7DA,01748823414,1,20190601,,1,Academy,Academy - Converter mainstream,Voluntary aided school,0,1,0,11,16,Mixed,Mixed,Roman Catholic/Church of England,Non-selective,121715,1,0
147216,815,2013,8152013,Cambrai Primary School,,Catterick Road,,,Catterick Garrison,DL9 4QP,01325376719,1,20190902,,1,Academy,Free school - Mainstream,,1,0,0,0,0,Mixed,Mixed,None,Non-selective,,7,0
147229,815,2014,8152014,"All Saints Catholic Primary School, a Catholic Voluntary Academy",All Saints Roman Catholic Primary School,Green Lane East,,,Thirsk,YO7 1NB,01845523058,1,20190601,,1,Academy,Academy sponsor led mainstream,Voluntary aided school,1,0,0,3,11,Mixed,Mixed,Roman Catholic,Not recorded,121657,3,0
147241,815,3614,8153614,St Mary's Catholic Primary School - a Catholic voluntary academy,"St Mary's Roman Catholic Primary School, Richmond",Cross Lanes,,,Richmond,DL10 7DZ,01748822365,1,20190701,,1,Academy,Academy - Converter mainstream,Voluntary aided school,1,0,0,4,11,Mixed,Mixed,Roman Catholic,Not recorded,121655,1,0
147243,815,3610,8153610,St Joseph's Catholic Primary School - a Catholic voluntary academy,"St Joseph's Roman Catholic Primary School, Pickering",Swainsea Lane,,,Pickering,YO18 8AR,01751473102,1,20190701,,1,Academy,Academy - Converter mainstream,Voluntary aided school,1,0,0,3,11,Mixed,Mixed,Roman Catholic,Not recorded,121654,1,0
147258,815,3609,8153609,St Mary's Catholic Primary School - a Catholic voluntary academy,"St Mary's Catholic Primary School, Malton",Highfield Road,,,Malton,YO17 7DB,01653692274,1,20190701,,1,Academy,Academy - Converter mainstream,Voluntary aided school,1,0,0,4,11,Mixed,Mixed,Roman Catholic,Not recorded,121653,1,0
147274,815,3600,8153600,St Benedict's Catholic Primary School - a Catholic voluntary academy,"St Benedict's Roman Catholic Primary School, Ampleforth",Back Lane,Ampleforth,,York,YO62 4DE,01439788340,1,20190801,,1,Academy,Academy - Converter mainstream,Voluntary aided school,1,0,0,3,11,Mixed,Mixed,Roman Catholic,Not recorded,121650,1,0
147276,815,3902,8153902,Sacred Heart Catholic Primary School - a Catholic voluntary academy,Sacred Heart RC Primary School,Broomfield Avenue,,,Northallerton,DL7 8UL,01609780971,1,20190801,,1,Academy,Academy - Converter mainstream,Voluntary aided school,1,0,0,4,11,Mixed,Mixed,Roman Catholic,Not recorded,132728,1,0
147278,815,3615,8153615,St Peter's Catholic Primary School - a Catholic voluntary academy,St Peter's Roman Catholic Primary School,North Leas Avenue,,,Scarborough,YO12 6LX,01723372720,1,20190801,,1,Academy,Academy - Converter mainstream,Voluntary aided school,1,0,0,4,11,Mixed,Mixed,Roman Catholic,Not recorded,121656,1,0
147448,815,2015,8152015,Friarage Community Primary School,Friarage Community Primary School,Longwestgate,,,Scarborough,YO11 1QB,01723374244,1,20190901,,1,Academy,Academy sponsor led mainstream,Community school,1,0,0,3,11,Mixed,Mixed,Does not apply,Not recorded,121317,3,0
147521,815,2016,8152016,Brayton Church of England Primary School,Brayton Church of England Voluntary Controlled Primary School,Brayton Lane,Brayton,,Selby,YO8 9DZ,01757704308,1,20191101,,1,Academy,Academy sponsor led mainstream,Voluntary controlled school,1,0,0,3,11,Mixed,Mixed,Church of England,Not recorded,121554,3,0